PC1,PC2,PC3,PC4,PC5,PC6,PC7
-1.8318099875553717,-0.7179637768739273,0.0672739051555402,0.4566555567523535,0.7668484533699694,-0.7510083833828642,0.037909409324332635
-1.3918121810778024,1.3675506428273916,2.2181816453087655,-1.4744289724008153,1.204204152707348,1.6751084256515116,-1.1704152940607473
-0.43609444968446615,1.4763801236721836,-0.8855042933071146,0.37807276047453175,0.007434358310822007,0.5867835705337971,0.39674316241316315
1.0017889771321418,0.5370452532633991,0.10798658657658428,-0.1418550636227247,-0.5190547676163328,1.5346084973498404,0.5560456409120181
-1.4131562623992833,-1.6277420748111664,-0.4643164990127359,0.7649692564073822,1.3524639692394749,0.8350305099586048,0.08196817713213173
-1.9360100861272849,-1.0526932429568958,1.6955571507415204,-0.7129141165375052,0.4387007787609693,0.9511849713033538,-0.5082406653848294
-1.779461609346884,1.6837859404717854,-0.09181184224637587,-0.3110474229185384,0.21220980823503904,1.5424017014976177,-0.9674253386951941
-0.31228422969882413,0.1547003069368093,0.3634773711900847,-0.07718245095366984,-0.08362902567659483,0.6679036291225237,1.5914216501030425
-1.1410075853718142,0.43275347108981466,-0.4532954053145653,0.43386198119329056,0.3899781848915767,-0.0678098451550244,0.33103202696642403
1.9931923611822149,1.4726678284260375,0.4077366871890256,-0.20635874242312524,0.5283427891411635,0.7372617289795698,0.920158130745464
-0.9206323584201649,1.321932221700668,-0.3925438476185993,0.13601759968053823,0.0035246978268654934,0.2896720283866462,-0.2526484303501874
-0.6857265396299361,1.0123651951190857,1.5767519447328189,-0.8929008552980737,1.2695124746104964,1.083814375245948,0.2050673755764628
-0.7978864603937975,0.830789751577623,0.850490918723206,-0.5954852291180287,-0.31040691321545927,1.022417861285632,0.5598405684614045
-1.2361172742556563,1.8336457137696591,-0.17066694338181657,-0.23045585062455165,-0.07261847764860124,1.0582288993776185,-1.041875052358201
-1.1454273583343193,-0.2983289854802013,1.0953525682384675,-0.4411614017454751,0.08032592051001042,0.5933212544236182,0.5408435512374627
-0.5869349031925107,0.28955835371527777,-0.9576266140490518,0.9317580735314601,0.3372981353930747,-1.0021471508606221,1.7045593433377366
-0.5245561572605292,2.1614380523396717,0.8259450431645745,-0.8781415912254232,-0.8851422825985635,1.0093282191251634,0.38078041998599804
-1.2602941959876088,1.0704981846078172,-0.36531163522941285,0.13165760311074837,0.24591340765154737,0.6540461254424214,-0.2636063157601843
-0.025815421444197326,0.8830454333920573,-0.3272943376716906,0.46104146218545516,1.7451367522228995,-0.036049776863602126,0.5854630637513487
-2.4293337404346116,0.5008030071568625,0.5741490822537065,-0.32670156747531587,0.4791363760555134,0.5251808946704625,-1.5410600403020291
-2.8233724785951164,0.046722094709671244,-0.2157832117580496,-0.03483970005989107,-0.7743978951478478,1.2015976018515777,-1.1094203094655537
-2.743492393403666,-0.492779672076656,-0.3191468603720158,0.27802580954905826,-0.6635404756253458,0.3602005845886447,-0.39677832778667776
-1.438902117557921,0.019329266827748496,-0.20994935592669517,0.3314196899444747,0.5779560614430805,0.1780947807387519,-0.17858464574593017
0.4017667779444048,2.5905694668285855,0.0021316693763664464,-0.22787266822075977,0.8824398979093229,0.5845905056475115,-0.9843094711134928
-1.2452927926264394,0.1891708876298923,-0.14782456657021173,0.29189675384077657,0.38621206429779836,-0.14885706102295088,-0.28706954694377324
-2.565703855767286,-0.764057090112564,-1.8030708725698659,1.4106921530841983,-0.144899475422478,-0.8991964579159856,-0.5409422897624215
-1.6551716029139796,0.2939713873845796,-0.11667515415682779,0.2603971707905411,0.4829181372289503,-0.1270647069228247,-0.0282740094900505
-0.8743907318469871,1.9672619772016497,-1.9986501181246805,1.0211590379385014,0.39331070300038246,-0.09433937277443273,-0.4556316509607661
-2.789648188941151,-1.590784663259715,-0.018962440906816612,0.44556148341768204,-0.47362339150988003,-0.48750295890467604,-0.6539651392157431
-0.47788211727081864,2.5100706014116634,-1.5551281335465204,0.8582767073669052,1.8283159313432953,-0.21758825862390782,-0.25695234822169727
-0.8289026653569566,2.198998965303532,-1.2433752067047956,0.7155737305234887,1.9492541549394358,-0.1526377429277331,-0.7829707969366491
-1.2472945250191416,-0.04189984998812626,1.1879149276739644,-0.5044072869609859,-0.05493933997680429,0.24099935402412723,0.6140336906451208
-2.440870038762388,-1.0799245985453638,0.3962575005954412,0.28307220014263124,1.0255851089926187,-0.4438945479026206,-0.40559938653751215
-1.1025561579090308,-0.6058349202819581,1.8206002961603078,-0.4601040301540385,1.728359544288022,-0.4309390958281528,0.8552987921214855
-3.4342947955872325,-1.6434969200403942,0.2014224500980893,0.30081938510812095,-0.2866702071469518,-0.32299795363919026,-0.6899009454287717
-1.3245856299223775,0.45379151744506896,1.0952606527798172,-0.7134807882436897,-0.04197436411858672,1.3626473126552368,0.20446488944549332
-1.7467609167121603,-0.9595331258001794,-0.8453377800632469,0.8417185020724015,-0.7485636565295095,-0.5208807106832818,0.5473654160195838
-2.2380444705200784,-1.1019578065183653,-0.5088598973723834,0.6698090184573361,-0.6636691714466728,-0.5895680549986647,0.1726352801934648
-1.9311825344639348,1.9755168339584601,0.8498137283826827,-0.7042800494735535,1.703645982247617,1.192579144684423,-1.4494472984813866
-1.8292134465190613,2.0238876346437293,-0.015198835207189284,-0.35741086945690403,0.011555321012549358,1.0328088242423077,-0.8379279578138448
-1.7231399151855165,-0.422657194229794,-0.2824483290610255,0.6158962700785577,0.7694286193876603,-0.6603748475192206,0.7620046746473808
-2.298980453451629,-0.15704467049876403,-0.6028824810715856,0.4234463926712981,-0.8647729058901461,0.10952780694577388,0.0487054722498211
-2.1847651647231627,-0.3889107091178114,-1.1539565260932063,1.1752041777459266,1.2467372335742792,-1.2087829555046745,-0.7850760038746374
-0.33651680374736914,0.1946118168243083,-2.077577199849205,1.6846870319642957,0.6725679284636449,-1.5056034914219587,0.07621545670945494
-0.44465688883453147,-0.9393348421805102,-0.1744909571178501,0.6667937808729529,0.39653970245440306,-0.8928655041662648,-0.5156502522133984
0.622889563828265,-1.0090177817512862,-2.3519344778178137,1.9118601402956683,1.0279582860362477,-0.25513500528502836,-0.8237084403301287
-0.3392880848501904,0.35374381664169285,-0.3839863268765851,0.7301909304300777,1.9939530696486174,-0.7266809108133392,1.4543210433013247
-1.2255592199462575,-0.7530337001953734,-0.22094838943572442,0.6354370335057771,0.679116790980553,-0.6968293482604122,0.15194338901853308
-0.7850047260265435,1.2249839312580284,1.4732963806602015,-0.8523547321873388,1.2580696095044008,1.0117434162146335,0.5813306954633691
-0.93136536303837,0.30617577995499523,0.22465465673176296,0.18241675425506626,2.106348787780435,0.33632224920907017,-0.20292499673902906
-0.23455043824747604,2.6354950172347653,-0.3453603808023909,0.12324963141929429,1.1695371565279293,-0.2219364761232293,0.953790126793259
0.18268044824235624,-0.31748096847826013,0.022621988849486935,0.6241613673045111,1.8375224946665631,-0.8628423776683699,0.015436896592169898
-0.9616967462398458,0.8575609867780547,1.598841016759626,-0.9089657166784367,1.4515605782815537,1.3776506011182852,0.2254191599283738
-2.0547078138371604,-0.3306083335903583,-0.03744832348445167,0.2279820105136811,0.9254968626325232,0.7136328140507646,-0.3474319846705357
-0.2448432672097143,-0.37137688411188813,0.0052158919867515505,0.5901462783367349,2.089968691573326,-0.5409139190025375,0.261934067483835
-0.029652675639355176,-0.4518928141676546,0.3131400544656488,0.48819129111535087,1.8246854181188683,-1.0351331925590352,-0.4383887402568271
-1.558594516314021,-0.8839528474256018,-0.18762599997436288,0.5861188882746418,0.8903499169972723,-0.28796256907294726,0.19356989976759514
-1.541315451648076,-0.8888306558696347,1.396446574368597,-0.3358000809831377,0.18490177039637537,-0.5260146649950478,0.8160813229786895
0.8103404915830271,-1.1020340766669596,-1.3065706807229254,1.2499708488953825,0.6076894255638776,0.3164447072002977,0.5466445334774068
-0.5617297091424126,-0.8158525602408645,-0.26221072149446767,0.6927904554880693,0.43841786320217757,-0.8218142101631352,-0.2188303228546485
-1.41616004252816,1.1482252319706825,2.006646397660422,-1.1373881848547562,1.267414502733739,0.7194000258165709,-0.0039280246241307154
-0.6918889173976984,-0.8556433395211003,-0.5659171386456677,0.816559931639976,0.7117462056557697,-0.31836820198248705,0.3499261692214171
-1.5929152119153915,-0.8784889519061748,-0.18741244727405187,0.5837858980931149,0.9024181178790776,-0.2738138452515729,0.21670604882206135
-0.016961054163553105,0.16736073853719244,-0.6410317665393346,0.8245456846376247,-0.04361852629738566,-1.5511205569584825,0.7478774733406283
-1.4983825355021023,0.030724082275909947,-0.12587786301027837,0.2773872192480978,0.560214700714319,0.13554668230180306,-0.2821418619615066
-0.520682070009296,-0.4241166116940877,-0.11798139357351269,-0.1132833651706382,-1.3819115997559017,2.2993095653954527,0.38145409734799546
-1.4906047639343727,-1.0036734696862095,1.4008778723966044,-0.3163185822341413,0.2050150402773149,-0.5026392065495241,0.7076511563685616
-1.6168106717242863,-0.2976048898990991,1.4555588275103497,-0.6313901046183961,0.07285839629778401,0.3249686722635968,0.2094330327126681
-1.4968927850204392,0.1380925721493032,1.176553893407028,-0.7528162867610969,0.1503306500824766,1.7381408175545996,-0.04545295467664771
-1.443000298405407,1.6411702065308504,-0.2504299322471446,-0.21757184392434228,0.180331944983781,1.6293386611156486,-0.9241253723026213
-0.9756078947191215,1.9732626110957923,-0.5343079214135893,-0.07059593401441762,-0.028945952535556898,1.3692334009251952,-0.4940656716357655
-1.237437065130446,-0.5790762773500812,-0.34266857427143194,0.6561876650788349,0.6934802954415952,-0.5662453105247638,0.4696054505367409
-0.011118989580578479,-0.26226321625596355,-1.616480083448974,1.256908199999793,-1.407513975324268,-1.0412034552351164,1.2886978843855024
0.5133625254012308,2.6628472100602942,-0.09788917593636046,-0.15695775884723767,0.8347920319024091,0.4698676272286418,-0.8244450134242252
-0.4608720870511,-0.5275939297792943,0.707256719656812,0.02801197849950626,-0.06636736101404668,-0.5647759183152656,1.591000637365329
-1.1767463528046638,-0.03804652287863206,0.9840163357434605,-0.16724795320795566,-0.15752569323568597,-1.0810777430588492,1.864723719487114
-1.3175204993780865,1.707484549044938,1.0752784361863326,-1.0366494575197815,-2.628942047121465,0.23636738924656206,-0.6983438961296959
-0.856955299289043,0.7821508943412188,0.009458274423186032,0.2275828458650126,-0.194268878940441,-1.2318703783251326,-0.3891614431947788
-1.9096659875885842,-0.06299079046584728,-0.07434780017257676,0.24848669626971356,0.7424232702620855,0.3379854717032721,-0.18808373259160208
-0.6187152781738837,1.270506683788734,1.8533870679075048,-1.0189088310506358,0.9410124601246159,0.28904856742523855,-0.12321088874049942
-1.239669953450026,-0.6459431048140081,-0.3093088119132753,0.6684326786654736,0.6847903490829115,-0.668224225721405,0.3793548712138835
0.1289060630100049,0.48747046786768466,-2.390041969025301,1.8351666427461348,0.5114023685948195,-1.6177164198560479,0.5251134085761853
-0.0072175359534960475,-1.3506756398879969,0.08516035847813976,0.3342127459994917,-1.6361513466154889,-0.23761736288985041,1.000366826964519
-0.9795597139631256,0.0175590897328461,-0.2930884637678079,0.6120067576075005,0.261700752550775,-1.4270068092692325,0.6316544559455888
-1.5574689980347267,0.42665939705432104,-0.009729495460635732,0.19737744156241444,0.3245419636779048,-0.4258729384899081,-0.18105620462216984
-1.2688378058156378,-1.1078167817152926,0.43844454594260424,0.07898096461207699,-1.3960600321154895,-0.36176053268042097,1.3081382261296421
0.3643018926800129,-0.10056294506350007,0.9990447033884753,-0.2638748109908866,1.5068504819354507,0.9352128160713634,0.7773943625467157
-2.2623832116251683,-0.6523183622233296,-0.5467413016941358,0.41798338128859297,-0.6605605549393895,0.5903617242139465,-0.3987729828700851
-1.0601360986249133,0.7072270285096114,1.758013928993399,-0.725444992384803,1.2731198308914795,-0.29316092770259894,0.8666034105693539
1.0533347085708027,-0.46362283494519774,-0.4541040294880774,0.1274776000251918,-1.8551602022499571,2.058924800682118,-0.005929008450339574
-0.8668359759724034,0.00450180760415038,-0.48708070155028005,0.47850320963481097,0.511363954144787,0.33787188662874423,-0.05870003902422038
-0.4704457434458531,0.41126922364548657,-0.9712655437859725,0.708234302334301,0.41384064937976583,0.34407459190852524,0.7982871081016581
1.0064804482252987,1.3049209717117785,0.4611170074878111,-0.5374502904345269,1.226636793835493,2.9884200513607357,0.3497954084110823
-1.0350958734114075,-0.8010043843268324,-0.5637816116425565,0.7932300298247086,0.8324282144738231,-0.17688096376874463,0.5812876597660815
0.7156000046886299,1.2151087747801923,0.4289059614275011,-0.0640214573277959,1.0472039208230302,0.19545432170024898,2.4017613086180027
0.34489844159110516,1.166378400023519,-0.09703355987837195,-0.13257862437588372,-0.4019695800977618,1.4893543416628814,1.7068192354889493
-0.5352558412737494,-0.1762559935850596,-1.0681110319425873,0.7440696118694603,-1.3657161721314828,-0.1306011933466051,-0.21395927245312796
-1.7534085424698171,0.15318064796648317,1.3237962975063686,-0.8114832551168362,0.14497802373353655,1.526740822073857,-0.125451746836015
-1.0150596011223108,-1.8810361837184828,0.981233898820026,-0.05776442020898006,0.6845495214948604,0.8456968438607126,0.5521939599126902
-0.688877220970583,-0.4490693756778619,0.6746200999351188,-0.4440393387047363,0.3812418463172003,2.6449559852323934,-0.058961002597886766
0.975638260975667,0.13367512716167296,-0.6151329926675727,0.46188963888653495,2.016121209858628,2.265580174122122,-0.9631626451999844
-0.029944709790859586,-0.5316333773205586,-0.49138702432195364,0.7977918929057961,0.21526087270463784,-1.0283538910458785,0.041677866263461566
-1.715809252907184,-3.349131088157952,0.24471407445483767,0.28910713396083604,-0.006911563084572743,2.5130616385311417,0.414069237389234
-1.6289705960237806,1.1725901361681688,-0.1670158162513139,0.0029803661815505787,0.2508184883434183,0.5247149048355703,-0.3198939063251241
-0.690127865534741,1.1293999239435462,-0.0791536907631985,-0.23393962319953893,-2.089186025643232,0.691587425537886,1.4420910086256216
-1.2999092813611053,0.5456833189694572,1.246884812348844,-0.7984419838085605,-0.17502818132993223,1.0825502087351895,-0.008038698990546546
0.6729303421417577,2.0493673868229494,-0.19347640751443257,-0.352500694771286,-0.7398462578683623,2.028098000298413,1.3206797382613507
1.8807620516944916,0.13416729717203146,0.1651674125495737,-0.03331608786744619,1.3835768086836289,2.6539437536949264,0.5028475281245004
2.1722460840714506,-0.3829406346673624,-2.3062096264148986,1.4685284837309207,-1.7192955102573277,0.5042000577344777,0.1462915544224205
0.09067955539524054,-1.5109518089784533,0.21906350015950463,0.32838215290695294,0.47216130590432476,0.9550817597449891,1.4365211175424106
-1.431762517074132,0.39184654490466475,-0.021389918295811803,0.23529670577623996,0.27122053956863257,-0.569200939447785,-0.24860322912825344
-2.213300663097615,0.25800889624258744,0.3719963619705579,-0.002694815540132173,0.4669406741185884,-0.43811922496792394,-0.5538113362736302
-0.9907224196143881,-0.21397867229447942,0.9590066429605738,-0.13493079286093876,-0.13757288923145558,-0.9663048481424568,1.6825872078589923
0.7755144998679062,2.0825988403692794,0.2669261253347348,-0.5487488382836474,-1.0899105450069446,1.3103765181073646,0.5003979383025166
1.2841708463990118,1.3465661536997398,-0.3434095386915103,0.054122088149036546,-0.7942821124163201,1.0691020930127724,1.6947961584410294
-2.5423968856075554,0.2055572560554903,0.4624923114512199,-0.059020362515096056,0.5819491248342832,-0.3252371092931884,-0.5498613279243165
-1.7774004242895003,-1.245363653989446,-0.8091501457094921,0.8289904502547913,-0.6057174004317559,-0.1923957810737031,0.31089666709242875
-1.2621368213906472,-0.8608809997564341,0.953734875315912,-0.10864750207836868,0.2986107951372686,-0.11135667637466716,1.420714150785149
-0.4287627095030392,-1.414742663560691,0.6108788044347971,-0.11353309465060928,0.598740521036637,2.0893919781914834,0.20081336795619462
0.9604607332580086,2.4672503389956986,-0.4375724163170511,0.03431467730985023,0.9358075199857869,0.9282991272375882,-0.6423478036136051
-0.8935312250538452,-1.1112870100929566,-0.8056577079876904,0.7010309007307859,1.2426790328943498,1.9590307601757586,-0.24197836791530605
-2.1070486312975527,0.053303759934719294,0.23518260706284844,0.07782655564906953,0.6010199800293139,-0.07621100457272102,-0.5210077842684353
1.125642743616276,2.7157368114798945,0.9353375503644071,-0.8220375316287725,0.1892508848138109,0.7777493242285132,0.4080140081017513
-0.22086036031469,1.412720634410378,1.7209501456140182,-1.185714007976285,0.9667497955551978,1.6892454913711805,-0.9837466823867276
0.263873081655872,0.6672825627696265,0.6475170474364974,-0.19569572093497195,-0.7691655148674124,-0.5710014146357303,1.1101137531575203
-0.9155744143737199,0.6460998482316476,-0.6029955233956317,0.5134581653052988,0.2647128236458757,-0.2623492398567862,0.5973516470911638
-0.5698353730729638,-2.4992628589655315,0.7532893371707373,0.07970771835609423,-1.2353385053271848,0.2392220673603778,-0.55127145072173
0.7110725034348006,-0.18509937868099102,-0.2671517072429004,0.5368338282838968,1.9037911721367191,0.7091838488238492,-0.6629820363346889
-0.15938478318528,2.136351753901277,-1.3137822400908858,0.3315767820807855,-0.01622234738657381,1.8337137687657927,0.4544490932575248
-0.02690329015455628,1.4627248404594588,-0.34330816301151973,0.15267737486874453,-0.48909876562910953,-0.32440573085551855,-0.7738814436755529
-0.20582906271655954,-0.4019899635797359,-1.120772102170708,0.8282193280984513,0.7950355574330011,1.3394733921267539,0.35374168288060953
-1.3600863543257578,0.31036484665375463,-0.3192599026960608,0.36803758218305843,0.46594525391067637,-0.01167646221391527,0.15186784705466352
0.5142393719693424,-0.023976612551358904,-0.6395902063156819,0.8766890459279952,-0.19246006876172034,-1.7258272320121981,0.31554121996796863
-0.4234860217440937,0.4669630630353507,0.49557509113603765,-0.17407466731649843,-0.25391253597733404,0.2637549851866307,1.6362000659686893
-1.8489545799473486,0.18043041159820986,-0.055620195487060584,0.21690728541359844,0.5977661220679359,0.07721484522277854,-0.09803034615872827
-0.4591754111006529,-0.24933799412994434,1.4914031480200953,-0.2841876833627897,1.4575546877835692,-0.7522016551297653,1.2756714389288606
-1.2078761668660483,1.0163435317213032,1.2368783457023715,-1.0459946879107958,-0.26025923874584533,2.0673252434535225,-0.6754057101021919
-0.5339577960337629,2.591830194154601,0.13353402974858666,-0.33766332020880446,1.2180336082670513,0.7988762768560123,-0.6481459993151074
-1.2270700549858944,0.3728264735605193,0.6518441087887591,-0.03251936633561076,1.951386938067478,-0.2073092686243808,-0.7049782849628637
-0.9218751808459689,-0.08937012425265406,-0.5289264847201257,0.7525557506564325,0.404450463236345,-1.113794089459819,0.9322911612275602
-0.7479626056001,-0.017782954204172603,1.7599891617108152,-0.6888658353978384,1.5132154544788323,0.41270828604799914,0.1941302975426231
2.3075556944456084,1.2277327435798417,0.5935553225755701,-0.28227341477802287,0.4254986864640551,0.6535947990029412,0.25524840220725
-2.8578410765030005,-1.1190789067904294,-0.26003059482470153,0.5231185460635458,-0.5328737919887935,-0.5824878640371269,0.10243712341091947
-1.2518996934440503,-0.5344649935183559,1.0769097004866994,-0.4126926444647289,0.24107400321323386,0.8729568459992773,0.4816383635438773
2.2473479856143337,-1.3161196685513528,0.45184554196569615,0.41339041936062126,1.3962221739985803,0.4333041241351082,0.7384349497587277
-2.0852512172472295,2.2040691866984385,-1.333707660853188,0.4080127915785526,0.590505157313659,0.8851157289792937,-1.6565215425496307
-2.1754493569856233,-0.36662761525066534,0.8443763383636644,-0.4179512053972794,-1.4361417465803181,0.233383931418876,0.7040204474661107
-0.520444153123754,2.4521842336516637,1.5372532960459953,-1.1695620662421145,0.6857061492734747,0.9794811340627412,0.19028316416225644
-1.2152412552975842,1.1114109058493347,1.305000486222478,-1.0831447199300273,-0.3433898262102818,1.867506168160755,-0.7226556848440782
-2.3873151596035354,-0.11837820998324015,-1.1444690803060067,1.1551034757130003,1.1855316045979847,-1.4525293796341363,-0.5003599526638944
2.023355276919881,0.06915747006778059,-1.2552081256230527,1.0442740516871507,1.7909284842865831,1.161919694904421,0.40443965864735726
-1.6397420586469618,0.8380714001817365,1.2572264689372872,-0.8278746465675932,-0.18796100677900596,0.8953986798912246,0.369221948438064
-1.2533032573398846,-0.697629259319523,2.0665110451370716,-0.5749103034002969,1.6942228450278953,-0.617224797092063,0.46890659826123054
-2.1789826427031396,1.0959317054775572,0.8528631924771831,-0.9678473800661597,-1.7963757040735149,1.7172819153407506,-0.22509593837427308
-0.022808909655159876,2.1980451937862657,1.3251811017195632,-1.0418209528166713,0.7299388949314962,1.3386158029011124,0.08570896949622551
-1.3089111476300026,-1.1550921521860833,1.146547441134198,-0.19307655786259126,0.36069837292276374,-0.0018634620492801153,0.9250080442904023
-1.1321444633575382,2.869188044646937,-1.7341748641544894,0.603231630731756,0.08819383729024026,0.22321411643899092,-1.0960611698649372
0.06147366428890877,1.2656932541693302,0.22038504578372203,0.19139789543469324,1.1914211311893412,-1.186063513185162,-0.14574302640756523
1.2007780034707625,1.6985793176862063,-0.3282715983267158,0.501946716415554,0.785958627476449,-1.6105199411929723,0.41082207251552855
-1.8126835844808746,-0.4278740081049024,-1.627685276622135,1.3738625337832369,-0.7686053981166929,-1.9524830606781498,-1.0545571840115555
-1.5239703615741824,-0.05786412952668477,-0.8574243978491436,0.5646533074052537,-1.088090760519798,-0.005820185389534229,0.08851690131569927
-0.5867548431288255,0.4147010905618941,-0.7670822149217205,0.367964315005902,0.5325179371477216,1.6850166540866673,-0.4215547220010462
-1.2989809912729637,0.9383265480480624,-0.26845542337731987,0.31048086433763755,0.10335672940887343,-0.7913186110491716,0.44656410704245186
-1.8559777140588627,1.7567208714290976,-1.1231166015997196,0.12366745025096719,-1.3398070572335274,1.590349851047976,0.05172172620887891
0.2810369488182672,1.648921796272108,0.8604397189093174,-0.3107631447619718,0.7706958359801531,-0.6624614914461032,2.2157337413668214
-2.932121322223318,1.5383550271460185,-1.8009905492017724,0.8047353226793578,-0.7653423263839674,-0.14454314619023378,-0.6891553959659446
-1.1325781749809904,-0.4928512496505503,-0.5154706476792722,0.7472596305828879,0.695976999410919,-0.5196165441725232,0.7604714905865927
1.2117936817663264,0.24164272430335274,-0.44639446037254255,0.8611962188399993,1.3942053603439704,-1.353222362558654,0.5768749459098174
-3.4975924711332094,-1.3555862494619635,0.23864246509369427,0.28654694292938787,-0.44426097730098046,-0.7713316048105138,-0.5165677416357671
-1.7065526571754133,1.6238920471437386,-0.09497647570700976,-0.061309252318126735,0.022005263985451586,-0.017685913412846095,-0.09739045820329013
-0.8540217004663405,-0.8693789139520075,-0.5935073393871995,0.8091763449980989,0.8161768140880402,-0.10434849239304246,0.47673311600880125
-2.1323455011212364,0.009105004589750802,-0.6610575432144683,0.22030876102319888,-0.8055072809886187,1.4464709046154678,-0.782421270312691
-2.5145479339034646,-1.2295136379124725,2.0298669792398667,-0.6459727170659498,0.38970899037597234,-0.611562610089412,0.0950327748684652
-0.8769864356391107,-2.5297580369760184,0.7726655403017606,0.08393591590452995,1.0635329862726262,1.768870847599498,0.3933422625353393
-0.9927428797317265,0.8788212672518396,0.7319451359109856,-0.3263563071505362,-0.3583254219122704,-0.2573149913060475,1.8457902754146192
-1.8023002702379776,-0.11357001073489635,-0.06684859006615225,0.47119289017009025,0.5492218793400122,-1.1448015200823936,0.6415294768188732
-2.7733439901578927,-0.009529201605423303,-0.21880547675180953,0.21334314375283558,-0.9565569721428987,-0.34905753051130217,-0.22396132960400605
-1.303298397527012,2.1546774501004187,0.5050280718688078,-0.2943372600686511,1.3682063467615695,-0.3693589970940953,-0.17337261240145796
-0.1329436572961604,-0.7127417964527137,-1.1340036628157717,1.0458410287525175,-1.40653627761369,-1.1605959510858912,0.24662154482389406
-2.5083333540170423,-0.43824788950039545,-0.33623516050331903,0.30735086252767946,-0.7932934403973164,0.12746974735216376,-0.46386388127014155
-1.640261847681282,2.3810274383894514,0.8467369979751388,-0.7229052525246739,1.3930316648914838,0.6568372574267576,-1.348897497661134
-2.8584927153260953,-1.2278717380121846,1.328900382946889,-0.3839849048082912,-1.1940722669451398,-0.7688670538709549,0.6627906781208172
0.32031656271673764,3.442824280383119,-0.4718136931168434,-0.07761547022734834,0.7993181438624718,0.37047468879283835,0.4322478870690925
-1.0051310043624415,2.329079472234701,-0.49387762587269574,0.11680099217054654,-0.39180591623806177,-0.5758302179297369,0.6327350075474909
-1.3268621384408463,2.1815604579195718,-0.4715038169121399,0.09762547721481418,-0.19366687805793031,-0.26312902696223434,0.6839349906386908
-1.9153535732427145,-0.008430225969155413,-0.7821659584304211,0.5174335651690123,-0.9982442002670934,-0.0030466338327029907,0.22589464798692502
-0.6451188631389864,1.067743295338232,-0.6787680608181648,0.5140568223120988,0.009070356618701677,-0.631079992814791,0.8381574898937881
-2.023817442496766,0.22867899022169672,1.6780052056146288,-1.004084862074224,0.02889708984046491,1.1312554734449005,-0.5180971918167679
-0.3780213859227152,0.7789484624382248,-0.8091248319722243,0.37676413595136093,0.2891037386236596,1.2388314405557364,-0.23089680016020442
-1.32052427206946,-0.12759038367910439,-1.0179258051086797,0.8938691159107004,-1.2377639627298123,-1.3940784977537195,1.1406686425269734
-0.07065240621843256,0.4362310503875206,1.2584312824100725,-0.42669903614435867,1.2698482504327675,0.16731518899613362,0.9531836924457475
-1.3804480090164564,-1.485399330212346,-1.104297253684222,0.9998767468628196,-0.4874250232632147,0.27531436403469695,0.41784838422948434
-0.5434382959636033,3.5634078883592823,1.1068626709333995,-1.0300495539294197,0.3945491323519259,0.40412382400650515,1.6658726580384533
0.42374473909250304,2.2046772429710906,-0.1607208847717523,0.11137413210060297,0.9669494723927443,-0.357328755737614,-0.032246059699851226
0.6724449139089101,1.0677777832775197,-0.6355900260938562,0.3601537648902983,-0.4391932583795345,0.0629225646749947,-0.9450249862147138
-2.5258316440895494,-0.8388601187071077,-1.1063436632797012,1.173443241247987,1.574628440015576,-0.6637624231475557,-0.9607712973684551
-1.6146904823987687,2.6383743782007123,-0.12187349815422427,-0.3339346226096051,-0.31854732870421665,0.41556349540574583,-0.3765389364763296
-2.4066108385778917,1.310936227019106,1.2306581086995894,-1.1772128794937202,-2.012864114516186,1.1126988463195733,-0.5898458654233477
-2.5638377996955946,1.087073682950695,-1.0621425485870435,0.7945731475904428,0.8153303144298609,-1.1671684816213026,-0.6855050361547449
-1.302166580460878,-1.2024664801346958,0.33380930990580193,-0.09840551603410064,-1.095752117842078,1.4405404185116284,0.4983409445519926
-0.8052805496815493,-1.023455481290149,-0.6176628213688418,0.832161544619009,0.8844024216194922,0.06701929780884641,0.3871412005985458
-2.7305071781791903,-1.9104825119379447,-0.40868294240819214,0.633771611101589,-0.10340608040833728,0.4695058314665985,-0.24956370559226354
-2.279078653436509,-2.1305928499185147,-0.5190454443093626,0.7341191832341438,-0.13812112096617735,0.5419344818916942,-0.4669598953316065
-0.6376686660247312,0.8815290385871465,0.5759222055033545,-0.4763975916060135,-0.23218060993208867,1.3519796530321158,0.9573589638367109
-0.8464260355935546,2.749578140426126,-0.5328979779294397,-0.12258203069672129,-0.4530610377670731,0.5286397009022119,-0.06206605047321523
-1.3042705896637663,-2.1352166136843618,-1.1559559438042075,1.066765425434348,-0.17310930228863342,0.9983616175844564,0.030607528023829992
-1.2626302099538047,2.018755406138498,1.13535948844134,-1.0631893705967979,-0.66604896024167,1.1895607698252815,0.1899263986149471
-1.4835862578836772,-1.2547188730673282,0.8018007870406293,-0.07776829842268843,-1.4558234917376074,-0.6916299993231628,0.729480646667918
-1.673497821411744,1.9222128209956468,-0.20400228554262764,-0.027802013654911924,-0.0739146090378786,-0.18859219127034738,0.2639102333365921
-3.204463848842044,-0.18658910857797306,1.0102751702704589,-0.29805193323700235,0.7159975657427361,-0.4719942639740145,-1.3370177528850529
-1.4837696627855397,-0.2601007674535527,-0.2206082766382905,0.5794839875502286,0.5615936877333043,-1.0061916543760894,0.6226715747102485
-0.7778256276194654,2.5448893020763315,0.7472998560212205,-0.8677351709589476,-0.9278016058652413,0.8092788896108407,0.917586512383524
-3.3619925413888825,0.25688935382607214,0.12446950249013741,-0.23233344336771727,-0.8432315142130783,0.7808960320329629,-1.229821121797597
-0.2569683735602119,0.5324226366504644,0.47891389640535703,-0.14941559470093077,-0.3595290989856938,0.059321595592898006,1.615386810594158
-2.7955540873444087,-1.2209644505350556,-0.24479308476276165,0.5140127413248232,-0.5077119015258027,-0.4723792999192228,-0.030990614910992413
0.786920508534118,-0.19806841285139218,0.6529269989138045,-0.1287477776852205,-0.565274892180878,0.09221587972731282,0.22124177793314853
-0.8885058127446376,1.227609766473971,1.0137705782719473,-0.9393980098024449,-0.37078008593527045,1.992634570313506,-0.3459505448433038
2.9495924864358782,1.560918933458077,0.41905112406735373,-0.21549963944965453,-2.075069707044155,-1.1599962122165446,-0.4225842199024597
-1.4077878178669483,2.227728894153895,1.1887139348401907,-1.0963661762766659,-0.7477913962291257,0.9107603228216337,0.3270036901147988
-2.5780739750263377,-0.2761412092350178,1.1626416248227243,-0.8313106321708145,-1.302863484646267,1.4781103888795322,-0.48397585635559953
0.4484747232256766,1.6520568247169496,0.04930769801021837,0.2792823069886423,0.924335002545267,-1.6272767210213466,0.17734530621348485
-0.6876647188692913,3.0130860621283775,-0.6535842106002332,-0.051155527819680906,-0.6023023348996753,0.21440542208683364,0.2316876165605836
-1.8729029157985926,2.375206518368543,-0.7587775224181673,-0.08040192910304836,-1.8478220038507727,0.3915892367395029,-0.14120853019922833
-3.5032313256507837,1.2909198934356305,-1.3027445946840002,0.5728296999082542,-0.7008659134597656,-0.3616843346063697,-1.3544325591215625
-2.4688856582042478,-0.7302070687019542,-1.2679693666397376,1.2318840536163422,1.6030919794287468,-0.5058760964992204,-0.6548001706693106
-2.3910006573148284,0.5641325518857737,0.40992821930053264,-0.024743891657287496,0.3495772402372443,-0.8392904634013333,-0.3033576356324038
-0.2904696475210337,3.0982920122552304,0.29727944438660764,-0.6808667513570534,-1.1335565142050696,0.6780250080946489,1.7527930467378667
-2.892661161227072,0.7955998606358134,-1.7272062474600154,1.0469435616058609,-0.6416956213025717,-1.0148529608884327,-0.38506408056883684
-1.5025912762608524,-1.4732478317643973,-0.47667411254778963,0.527447544121064,1.5014156885169971,2.2661445956559976,-0.6854871637771482
-0.9100769416110425,0.8165986567593957,-1.472154648079765,0.8377351929975838,-1.4314001729610593,-0.4266300536492603,1.3481493531081257
-0.5814578680480751,-1.1441608157254406,0.7405237332544874,0.03153622564855034,0.27847980275899487,0.17231813208304184,1.192747161161964
-1.3467890790182222,1.3072683935075116,1.5147947850789247,-1.186000604752518,-0.5163500479408933,1.3574517785610574,-0.8648670800923554
-1.6803109253451678,0.666161141012417,-1.0897169483142,0.6298863019566143,-1.2487741262476908,-0.3917139273893615,1.052514718304885
-2.3214482340496825,-1.0927322513199005,0.9921377633222772,-0.20896476761785754,-1.295057686537051,-0.7190446746507371,1.0066726152076475
-1.3893596781091313,0.904287396720173,0.5035908620716142,-0.5245436970300738,-2.0183145716841806,0.46019558632755025,0.7195289273633584
-1.19231627633671,-0.20570876609389457,1.1896086976419606,-0.2398535979746321,-0.20089421258184129,-1.2674153547980627,1.4219107026358273
0.43261052479120476,1.6451183556596531,1.138490329712955,-0.8982205877211196,0.9119692761052204,1.9395022956766825,-0.23033640238517786
-0.6336303832903313,0.7772750085182671,0.0007158651952728013,-0.25772185384010154,-1.9773356839875371,0.9727561049614211,1.0379321708070366
-2.0364999773890142,-2.0948909753701033,-0.8778280189125052,0.9087946182302205,-0.0501989242085825,0.9046118895275432,0.018691616889632025
-0.581325412518788,-0.09209761642652992,0.013696750976096603,0.5224943846875924,-0.0679462589399778,-1.9966859432063928,-0.1920611467522274
-2.975775602988647,0.39704450569782684,0.7183887958492419,-0.19937098155117608,0.5147659319887404,-0.7222555457700203,-0.5975531227800712
-3.499186780375201,0.31359117351105886,-1.3206684415764947,0.8689518633241606,-0.3936811443643337,-0.8230773536195806,-1.0309867869142468
0.7381617079277986,1.3152299383463657,0.08350217382773596,0.2883288301986155,0.9545447170795038,-1.4308465470779281,-0.2750608338886901
-1.0816918446048602,0.09210608409109039,0.0030250393838622534,0.5402682113504196,2.204737853497462,-0.6589568435603329,1.0656803412575986
-1.978989578067806,0.0065285180744862024,-0.0813742577937218,0.47252206097039046,0.5642873251497059,-1.2077476714623836,0.8520777119890066
-0.25383645765081964,2.0797687403423883,1.3286544775234856,-0.7967088486763738,0.6845523630081701,-0.05189287407629211,1.0863872236074856
-1.8056940893479008,0.2518018545327196,-1.3058791637805718,1.2268431980807066,0.859130358499666,-1.8824693421786034,-0.32566198671178115
-3.322478744820736,-1.1303780324626622,0.256658227444839,0.2627441660116958,-0.629145461767815,-1.0792646440289217,-0.5036348520511131
-3.345190460888443,2.0534217177139467,-0.7583524768473299,0.10866817833130858,0.8494192047995449,0.7933703652385656,-1.9839076672286473
-1.7098222771429374,-0.3904029917206874,0.15369654496054,0.39259209424006014,0.5149243159477738,-1.2398955327988683,0.03444052290638637
0.034948543865833355,0.44660330898230766,-1.219383003999285,0.8471481407896696,0.323272606194571,0.3841568136849012,0.9456057617324268
1.281527242998264,-1.2547282353604257,1.2955801770025872,-0.051635134653547514,1.3124365805223686,-0.21664084725345048,-0.0872032257877416
0.22997952796308233,1.063020834171029,-1.555993526377992,0.516363019848131,0.49219235389893934,3.172001986835929,-0.07871057074082607
0.015791582961948856,2.0549062554278725,0.9861996961435084,-0.9167636297280148,-1.1692093314676921,0.6982114934066599,-0.28581589370423
-0.0950415511112709,1.1038152696054873,-1.3974466206106602,0.4236651042477778,0.5200474835229292,3.0803487859441065,-0.12972258681822024
-2.752348867327271,-0.8643021206417049,1.4072543387779683,-0.6645332540702233,-1.2849768824634111,0.18730285830837076,-0.2319878151861798
-0.7871777536877914,1.1408558521908385,-0.805809633004927,0.5713668378930057,0.0980349680622058,-0.4940532314538849,1.1865252918490161
-1.4555831036252675,-1.1536404156020912,1.4605091463976305,-0.34425519973423907,0.23940835257093163,-0.39268447987974886,0.48365382600344087
1.1736222527740072,-0.34907521469900227,-1.7401341363359437,1.1933253324787472,0.5156466464583188,1.4834045517012655,0.6202360347140273
0.6721643269366673,-0.7934632662820481,-1.2947728122763367,0.989463936988152,0.6884155373099489,1.576191002695801,-0.1312188920216177
-0.689103190612392,2.170563338941402,1.8404137121309587,-1.071121083720324,0.54000828795733,-0.6050588014301518,0.534761066961828
1.227891436774859,-0.5000373222326299,-1.037064202208361,0.40478276385637457,-1.57116687069752,2.878142929085257,0.8479062335589544
0.08319015173888669,0.6326761184356962,0.8493899536413599,-0.2955594983890668,-0.7924199678218231,-0.7335520720825539,0.8528513997645851
-0.11508587421095771,1.0356858971434661,1.1698640185221287,-0.7173945901908337,-0.9013699498357447,0.05540285185145953,-0.250480673629138
-1.2108152097323874,-1.9106152004508863,-2.1435240727246603,1.719691513928986,0.007967914990270395,0.10962159818239214,-1.5221097439995144
-1.3632911529323681,1.6454905580496522,-0.37068413666185396,0.07022099949536446,0.035867829232527036,0.2364160179529749,0.1767351422148622
0.7649724416229811,-0.7455594900060856,-2.243429763382005,1.3856996073381256,-0.9617973614327483,1.487266228333383,0.6301299629704353
-0.6351106771532735,-1.867694760335779,-1.7936157356782898,1.4016769619386076,-0.24216986415128894,1.1620391536657075,0.8995849717803728
-2.2237171859470726,1.1405317370324104,0.23818215452052613,-0.2126115219610207,0.2863733484308728,0.29582491192726823,-0.6770927995406214
-0.41540274828570534,1.0280137354869259,-0.10026937021706729,0.3273051975966586,1.7099749625187943,-0.3039408466792351,0.5257613213561787
-1.1535164488854879,1.656328454368943,1.1312002620234565,-1.0334057285772889,-0.5340436176808528,1.5161072924500398,-0.10604799317716852
-0.12691137822434556,0.193845552423615,-2.0025328530944497,1.1484605151381737,-1.1443311718212865,0.6376099283324808,1.3689036557564036
-1.498797325281256,-0.11715288330991581,-0.30809196865492766,0.32918821158245715,-1.411646736742591,-0.7144168599292579,-0.89747998335991
-0.9000456612301241,1.0074783239167933,0.13852619937110056,-0.3491305125430946,-2.055096719116505,0.6768752623992982,1.1130973143893514
-2.5815305500534365,0.06477802065937989,-0.3084472154312264,0.2603367300016922,-1.0232926193313723,-0.4053447509005404,-0.1353667417354558
-3.0337478982766646,-1.2049423258992598,0.06973809436816823,0.35661279230243687,-0.5968200528594875,-0.8254703875593594,-0.41064843571937865
-1.2221042045163284,1.0227440256292675,1.190031790637022,-0.7852023384874321,-0.41946786855337415,0.5545538787291028,0.36231925928114
-2.1756363869283932,-0.5802806688049563,0.29401413567641455,0.3260299457389259,0.7155957291567925,-1.0377644182936578,-0.05264053181012687
-3.061013227126151,-1.2530237280705154,0.1141318583072544,0.3377819795410619,-0.5875886310288616,-0.8256242250074889,-0.501218027762587
-2.833696350234839,-0.5477683617250404,1.2989403712767211,-0.638802649345431,-1.3406694192140571,0.06355899318878336,0.20643337320192343
-0.9274391998124041,-0.8071941481382546,-0.7209760169745842,0.8711523409420592,0.8810050237679334,0.004380821325115511,0.7788286198550965
-1.8723435908561874,0.18636388109686783,-0.1861111380682052,0.5270661251702856,0.4804352547527786,-1.3647109734219436,1.0895241375491145
0.054363813198458115,1.5663126181843927,0.4901285497998577,-0.4401340282628814,-0.8155546140346553,0.34641943539925896,1.153585615082664
-2.51857629905642,1.7510442165622466,-1.0194067532422226,0.5205315429953831,0.6137613118319842,-0.5017535688612247,-1.2821183830560106
-0.8831739298166212,0.3481063175724449,1.0169799483673347,-0.41807820219472147,-0.3139800013663415,-0.1907813712644743,0.9525461226358152
-1.4756730114862668,0.5709036035680884,-0.14291078727789558,0.2538698798465396,0.29684769818602663,-0.42541142614552024,0.09065257150745669
-0.40250962663810774,0.936060821163407,0.5588339053720516,-0.4470725386273924,-0.36193357470405907,1.1192488157956346,0.8902734103532473
-2.3799179656064777,-1.2673625627055434,1.0237517311811495,-0.2396189913967784,-1.1803701675747742,-0.4233676860342663,0.8632099335209782
-1.3683056596552927,0.9724947498931177,-1.2447025752245193,0.6993329480457338,-1.4424255609015533,-0.6662236758221447,1.3347199088218888
-3.4874208114872634,-1.5411443518864603,0.2698293275519445,0.26055869951352006,-0.35370986010231437,-0.5039520638367913,-0.7063027214313694
-2.2319146437662414,0.17733428427106634,-0.5998194918486328,0.4056387669169597,-1.0587283463108978,-0.28964883129537233,0.22591429889567566
-0.44963921015517166,1.4595402067739516,0.044323408875351626,0.2453470458267455,1.4181444205773313,-1.022785281774894,0.5925846281259973
-1.6274640329647854,1.6759054448419601,-0.9598466708300091,0.2840046009108387,-1.66203992999508,-0.1680237513073783,0.5295529818338979
-2.9651574302623493,-0.08383642387022765,-0.12916373807239176,0.16634955750397853,-0.8898213249544251,-0.29277031012206367,-0.31255591747255806
-0.8803148009334171,-0.42224773719782815,0.20547268033258156,-0.0635303881694921,-1.583766469466291,0.5577563114454779,0.9856504796465294
-2.3204911832341986,-0.6342451583751753,0.8812758150517891,-0.4384558911533115,-1.2530681542098807,0.6090312737663683,0.5446721953871788
-2.3669616048866815,1.545729725058546,0.4017892615430775,-0.5601015542571112,0.24450475039649655,1.287736330814582,-1.5474084842951479
-1.641289069741432,0.16694397091880708,0.3684371502987058,0.03618835415198051,0.2658039927551661,-0.6739312886574947,-0.9394138205147372
-3.2197905591915768,0.29486050068092595,-1.4680532141427083,0.9291741584675842,-0.3963739852699303,-0.6211098406864209,-0.9664120941245257
-1.6267936664170553,0.4608275988993769,-0.9859766473078353,0.5862295252705106,-1.2212403266325216,-0.30077800326288134,0.7070995971572673
-0.8053715653553186,0.3376455509428989,1.1001972304825072,-0.4627787121649914,-0.3799941656223244,-0.28992436498692015,0.756444310202373
-2.1828144454171583,-0.27156024112263377,0.9124984788837712,-0.4551012374165115,-1.5192723340447547,0.03356485612610879,0.6567704727242248
-2.117512325095005,0.1591212992063101,-0.6005313341830032,0.41341540085538225,-1.0989556825835822,-0.33681124403328644,0.1487938020474543
-3.160291413522758,-1.0404049919315728,0.01067629423463807,0.3783281026517966,-0.5990314961349568,-0.8976951840388032,-0.12495470787568048
-3.2659812625763265,-1.482502947887941,0.33652778340331035,0.23896193537113336,-0.5172951201121199,-0.798095964605387,-0.9077936898696981
-1.1251706179540835,2.877101644478013,-1.9744441831348147,0.7242991250316916,0.2108302780948699,0.5130513778028801,-0.6869942979728358
-0.6921134926880116,0.3326909985625585,-0.6412121176593547,0.5386178949978233,0.3659853230181461,0.11995703348145792,0.31604974771064887
1.143159851311689,3.038232326212992,-0.3324221718265362,-0.061328196058557376,0.53922623436944,0.17864135134108533,-0.5557633035986733
1.345394591501424,2.1105690632627248,0.6351017674410843,-0.39604805296747086,0.3756578961898109,0.16000835304826,1.3311845740420087
0.4325830423329366,-0.1831302355879973,0.5428313583914708,-0.09920748829525024,-0.35460278321994027,0.45254099577711726,0.621271034002196
-1.7432694338377965,-0.6210938983087685,-0.8786455178901156,0.6078190368649686,-0.7172963028867487,0.6918570095224371,-0.11704891428445335
-1.4057989961061015,1.2669621966355313,-1.1498297931296328,0.3956808529559184,-1.4357590806660014,0.48494714340332995,0.44533057151977823
-1.23369505107344,-0.6342210461731403,1.2857123429304904,-0.2836289208677091,-0.0075637096813977655,-0.8101107334235431,0.9922928220828402
-2.6216038918678004,0.017502650188590537,0.3996556797603663,-0.011720792472975507,0.7334657857068809,-0.04544768026939974,-0.5184969235746945
0.14913016270596832,-1.5265714219437423,0.3179305745788372,0.1938262244987308,-1.3833857407315646,0.13592051482448014,0.23051437642615596
0.13734663693450272,0.08133767523202964,0.7624026335895446,-0.38752524766499324,-2.283731636742304,-0.42589567238345777,-0.6266850422159801
0.890528870394138,-1.526032193080306,1.314845167932466,-0.0770070241500697,0.9695740505991244,-0.14686751808823184,-0.31183204748204807
1.9709421613415508,0.8250659524133513,0.7617093157324654,-0.36937938698629624,-1.101572761632775,-0.09180100561221168,-0.7481463275544473
3.137220506515383,-0.3747999750441842,0.4886687663058064,0.3286835113732122,-0.7191469856237814,-1.631088671036397,0.18990362003244307
1.9700747377687036,1.20298024216323,1.4452644540296986,-0.5764222652901667,-0.04945093394821023,-1.025743136338642,-0.6261077662613238
0.8131276329660205,-1.6158036512924434,1.1504171500390252,-0.014325894466571584,0.588608036324082,-0.10877847879567734,-0.2623528925022757
0.7455049331030535,-1.4709402767161681,1.257216623693064,-0.06155568992224634,0.9301548213673858,-0.11614490820986269,-0.134012307673695
2.2790393271846594,0.7367551640892066,1.0101054617680878,-0.2944945899155933,-0.07575011730527596,-0.573676258307338,-0.3340389677663782
-1.1590088077669531,2.2104208405419086,1.0152915311733688,1.8577847239995788,1.134144813560344,0.09429128594363527,0.5337958732076713
-0.8295379546779481,1.1406412126922922,1.3590704236690336,-0.8020346499469942,0.9879506839893483,1.017069322542437,0.6129229781465022
-1.0963583844822724,1.121172437397385,1.359110253054826,-0.8316220192223287,0.643910409775593,0.9262670820151059,0.5537957159794484
-1.6462273368617615,0.7250283707161226,0.1739064672624312,-0.39506382066303464,-1.5542802393830248,1.3765288689820347,0.7407831397435837
-1.3491331256153396,-0.7407259821767375,0.15803305013542046,-3.2793242673494816,1.5172955513313742,0.24913940913195745,0.4941470418020552
-1.7621676183503012,0.11385032775854666,0.7505180603204306,-0.41267425629894067,0.534222775123926,1.2935610513786802,-0.1771269548459388
-1.078269617771249,2.1657917019704302,1.6236406153323357,-1.1139600854941127,0.9309687378904831,0.7632682043149333,0.613746507841371
-2.6294874266188706,-1.3296553347288267,0.6707056993574098,-1.393754583433901,-0.9700654519740967,0.4242900110749869,0.14533975469738983
-1.3767374681593576,-0.08200446770884397,1.6158779614395187,1.653980184438012,-0.6942301970867607,0.511669500857426,1.4326660132892675
0.6486068413024312,1.416250248283599,0.39724459807422413,-0.1967485982224089,0.7620950675241327,0.6632007054956292,2.034700580237519
-0.14260863697685586,0.9966800513497485,0.20803386348995598,-0.20813287865687985,-0.2890057907235637,1.0103116312746043,1.7067808865717256
-1.1567325471387375,0.42058138864112005,0.8728318721045766,-0.2939414330386414,-0.20722156985438006,-0.4073119854800157,1.7224305176069603
-1.4973760063169457,-0.4920857333451768,1.0210403134591057,0.8979035591664347,-1.007678174861419,0.549485212710068,1.3358780124885121
-1.4642240324483,0.28681774723633235,1.1481150817263792,-0.46510110894196544,-0.14156687473541898,-0.25602361688585423,1.1982428781333974
-1.5388406097017122,1.099937825889313,0.7129108631323204,-0.5103899518652019,-0.12274742902781653,0.6163057735209699,0.5481620075788683
-1.698995695774125,0.2850929481956867,0.8909228540127948,-0.3673886865330643,0.09902687206856968,0.11189109492030817,0.7095691310500019
-1.5150417171774155,1.0221381999209356,-0.446081359130011,0.24550939940073493,0.5750589684883163,0.5591772929368628,0.4120591408926541
-1.87782566736849,-0.1477382680305922,-0.9467204687513575,0.7131020496518403,-0.43919751887079395,0.043130669893873465,0.9383789437107813
-2.789635519669957,1.109979219629181,-1.0793364705247301,0.41286633463921485,-0.8239411279639749,0.266695450831135,-0.6037164195364526
-2.928796488236498,1.7243246564560313,-1.002487124313139,2.345214397108434,-0.869395457166069,0.2232547992446306,-0.7196684552390114
-2.183037042510281,1.0580342261660418,0.01036184424029621,-0.16648864736079783,-0.5111725220435472,0.5119233074431214,-0.0776936033133886
-0.3440486959154562,-0.559950296724426,1.172304004304093,0.4067964122924785,1.644966900313373,2.761366432707328,0.49632883582785875
-1.3861321425709605,0.8816931566688564,0.5674853634656144,-0.30685328224958447,-0.5716987390651386,-0.08570122329347266,1.346443474951782
-1.5140950490921596,0.7776690419258986,-0.38322347381270994,0.45953478424748784,0.26870909332387277,-0.935674945598278,1.2839810314982278
-1.3912801106573274,0.3217331797746327,0.3883960259456274,0.09312737902208633,0.06156405001045385,-0.909504536201578,1.6335542568878172
-1.2020994434522518,2.3221779166801837,0.055081993340819466,0.6206807203030623,0.44916090862926633,-0.07588319893168324,0.6266083156526129
-1.600960131688622,2.194051780602328,1.662979048824437,-1.1412300397975754,0.8976608106085828,0.5392531751889589,0.1358360097671416
-2.2383695182772048,1.4244717590660738,1.5294966732541677,-1.0001127606937132,0.26453657228554517,0.3980261624741077,-0.18880640520139572
-1.0716600955757811,2.834477552741474,1.8025856139145082,1.0208938513310475,-0.7899367506772902,0.613107400201796,1.5511023442238678
-1.0561133168255108,-0.7219541559886811,0.8412960239663129,-0.08784080336437833,0.23391527786357688,0.010636137572203446,1.4498390946445985
-0.725066956671472,0.8734118036089442,0.6299544327983052,-0.502307771090423,-0.1699173893818788,1.355216797769168,0.9331189355903252
-2.5746728477263896,-0.2580859193019476,0.9953807134824033,-0.6385989406861028,-1.3094730117965627,0.8953638710141986,0.12393312681383903
-0.829678939463713,2.8869047360227764,-0.15448706769650425,-0.32998645807666294,-0.6984570869690285,0.3632379350978902,1.0414038679153297
-0.9651378518154666,2.424207338519268,-0.05491426343331938,-0.25386111962896285,-0.5518173579633561,0.10395320383642002,1.0308932688667012
-0.6837567924474449,2.4686111388551866,0.9912902078551384,1.7457244663309466,-0.6738044040565463,0.46758595147357157,1.494361348157955
-0.9727598053017563,0.10243786601987899,1.2814489185571043,-0.3863553657307701,1.2919125912842342,0.0618152437458715,1.1608586336867721
-1.8037865761784873,1.2047041521739983,-0.8103740242048973,0.22127020546992834,-0.5088953984632403,1.0360191667031158,0.23043544734959204
-2.3985727888455046,0.19096409316439936,0.6654591597357843,2.438354867565964,-0.6545233206955171,-0.8571748007867179,0.8767046030769934
-2.4504296708156432,0.3492308675941299,-1.2817568667032138,1.1596206174496022,1.011208749412404,-1.5805685858410186,0.11822711450037954
-3.0877273628736277,1.123454027514184,-0.06254630236781795,-0.10057566334542693,0.7538645879285328,0.7030679996312695,-1.563970503236556
-2.7651568861876017,-1.5572893867897029,0.6984832506908737,-0.962579062906399,-0.008356209959503839,-0.09307881908433382,0.11552077965077201
-1.9406390331583872,0.1116414960849703,-0.13865159639784985,0.5013845126827612,0.523244455434287,-1.291869133820732,0.9981782729544483
-1.9410854196468053,0.06500546905202845,-0.11563280604042508,0.4905768641994477,0.5356962963994211,-1.2606393179020818,0.9277750989429373
-2.370801519956541,0.3000448691046467,-0.7503636305329955,0.6281461998286962,-0.5202713822544398,-0.9133572551751051,0.7033258246765857
-2.865392436973448,-0.6594114415762795,0.8998624049996183,-0.4360868021814972,-1.066214632589249,0.4387784429918983,-0.16260059811639085
-2.307505770184249,0.020911235373837076,1.1490338561265376,-0.7228294701724783,-1.0258644752880286,0.8011565640532338,0.18366874871431388
-1.428987404128389,0.4039917929101767,1.8882987819381447,-0.8758704675760333,1.3079787748781015,0.39749096895702074,0.3072846477785468
-2.651085288356208,0.3243303198415147,-1.5588633502484948,1.1862721832390846,-0.03680723113560404,-1.400060631022709,0.3170374373434371
-1.5005345788438116,2.1262069411564974,0.35203341825759427,1.1038259639188104,0.29506533080442693,-0.04891343130174408,0.570742757719619
-2.5487460397160016,0.4527120378793619,-0.8113760702333568,0.5696342490008511,-0.69655470276647,-0.6822702593527213,0.43162456843118757
-0.8511374547103756,0.40347176117272576,1.4439843100283924,-0.5459545710290898,1.4576547504943334,0.2675888072657093,1.0328305766516572
-1.3811701964615144,0.6098485819748869,1.645503894578323,-0.9999208989007619,1.074407080141538,1.3134843127499296,-0.01850766258115498
-1.4283250646901307,0.5033200300959892,1.9592876139506052,-0.9189783326031326,1.3816299319837524,0.34110111062207776,0.2784577078986277
-1.342165065531453,-0.250183928419112,1.5576837321803976,0.8890807565998073,-0.07844022209772208,0.33573116125948893,1.2192295513405094
-1.8161293802365122,1.0507984145449087,0.6125891815732686,-0.46380889488432964,-0.018852162684000258,0.6847992111973374,0.11749830908375612
-1.2173053317129718,1.5011935842987456,-0.39512907786366347,-0.054022789453143295,-0.1415058362606695,1.3065586172950074,0.2791595871320357
-3.007689479755888,0.808486583887789,-0.9356210587133554,2.625472461610011,-0.6169905290989494,-0.7020404689789834,-0.2338795940321489
-1.1419428615815268,0.9662782203047002,0.5331897683308682,-0.27417269184063564,-0.5647370751871649,-0.15806758546185004,1.7003146669596625
-0.6007724823098735,3.2624000407806077,1.0297799308061149,-0.9389995893544737,0.47519612984240345,0.4689226098638792,1.57020262133272
-0.9859237069035821,1.531440358999572,1.2531738530089565,2.2259188946761,-0.20427561814813316,1.444100731064018,0.5771309933108931
-2.6475990336366526,-0.2647696071698818,0.3337088580242169,-2.7416239631327346,-0.6796782396768096,0.6969011272261011,-0.3156562009670932
-0.44579030691984944,3.071561588942777,1.339031762076182,1.696809108482527,-1.1341584647236655,0.6841699732557439,1.7033800514631854
-1.2373905512596215,0.25356145604947616,-0.15280284634687585,0.4918105967547294,1.6816719964995797,-0.3606625243028171,0.9169878034121106
-1.9762433885296635,0.07641072822899116,-0.10814700875573155,0.48683874682511286,0.5387342691566184,-1.2754712202917722,0.9439691173192296
-1.7074521775954041,0.08918806581559549,0.22225132246201057,0.27985138581735375,0.3008913611679672,-1.1918752873388931,1.3381597821834994
-2.3664579770457475,-1.0268832583808047,0.557781839224455,-1.0629211606059874,-1.0944858463636735,0.40763124155867225,0.5466489496760996
-2.033540168601263,0.22563435107582894,-0.35935829061632407,0.5431742087996181,0.13097431493595227,-1.1705626353879168,0.9447097255515627
-1.1064412122801137,0.9578556604263699,0.8303653797463046,-0.6046876260364525,-0.13667668977536074,1.1243550107133202,0.8347927746619463
-1.2280678317194251,1.3348291449942353,1.977562833467605,0.407421649131932,0.3605762752029856,1.0707037421598153,0.5245576263033568
-1.6823591569341927,-0.36600371826697753,-0.16138244279884284,0.1890022566186621,-1.0906072547934236,0.45468070067229854,1.2274099387698907
-1.585276268346556,-0.03350123027256323,0.45318883063338544,-1.7558526542276276,0.9540557704240283,1.0292691445695399,0.015372047104603366
-1.4391111316666436,-0.7411744496991612,-1.0824125502204305,-4.861025813423914,1.1258124517225747,0.37348374247627353,0.22089579447446506
-1.3233047423890536,0.7569564525004722,1.8279653195847456,-0.88028930285412,1.2441513087506744,0.248184322983791,0.5331304591983554
-2.3716895119174124,-0.7501157026069386,0.9763640152853661,-0.6452707547823482,-0.989131950330364,0.44503584876323904,0.44429475255008294
-2.765372790024945,1.8616238249734587,-0.5911892861401215,3.280616192059617,-0.9983563938037378,0.28055298169386983,-0.4166332973908687
0.08619230641969974,1.4981929395893212,1.1379910929222559,1.4787232512637911,-0.2584163234770249,1.005868656316117,1.9099378273236147
-0.7177984700213476,2.0203339213384996,1.0174308428959262,1.3735939813395053,0.15738481476170196,0.7329368798769235,1.0454106851836737
-1.001791210704862,0.7412500202363806,0.7379740368621943,-0.2879796949861053,-0.3168096117354388,-0.33701040083495687,1.8871453978799355
-1.5168146000663685,0.6486114309736436,0.6188608097642989,0.1686221135769055,-1.240045284112084,1.3219170988895919,0.7165869119341214
-1.552010547078438,0.15627922481826528,0.9222096123983958,-0.2571140611518492,0.0002901238208049004,-0.5460355897573413,1.2341227136000723
-1.9524667412408006,1.3561961957477513,2.143041994388119,1.9976953197540401,-1.0693623263882717,1.1446246326305687,0.37896196155608747
-1.6140123311893277,1.017695022357476,0.7781933617951586,-0.5312264711832222,-0.09423190506607329,0.600219910880944,0.486857090447307
-1.6748886067702455,0.9250769969855657,1.9900619038245309,1.2047531440177282,-0.3102350570286287,0.737478162511639,0.6410440172313765
-1.1159630280784205,0.7099110138051229,0.6357148625007648,-0.25288129889210503,0.7719847226590343,0.47980632206731344,0.9643318132920994
-1.3393354812629552,-0.21461641212351779,0.2520153878491993,0.1514081049449904,0.3883447608821821,0.05109723294358385,1.158055312930315
-2.8404680240558786,1.5662909895923256,-0.8183121854099731,1.967542086502514,-0.8901308455161144,0.3140719928498018,-0.6243990590105245
-1.3337912850624245,0.06700612335737804,0.8094945502642403,-0.11084494208776267,0.7148266125063604,1.5872804762881927,0.13084558471838187
-1.4933062582615613,0.15439882021351956,-1.231817677772681,-1.8651106289654389,1.1116184518940242,-1.476997183996146,1.0349556168057978
-2.17234770004691,1.5524607342010301,1.208223023197623,2.7497329041993264,-1.1516422523231615,0.01647545053312764,0.7290121926399015
-1.3928454816098308,0.6928755824175142,-1.2637127245591877,-2.11883152188778,0.47629969062971333,-0.9779513304669087,1.046055102236025
-1.1754924333918488,0.8551460703631892,0.5344751616583262,-0.2568996828096847,-0.6316578933369681,-0.19262519896297742,1.734888522055918
-1.3261409603552248,1.0010899536663935,0.4158705102622148,-0.20557889992686587,-0.3867497508596424,-0.183822265324042,1.3833227028988646
-1.5267074625672445,0.27548455555752216,0.9456849462635916,-0.3112315446687174,-0.051529729654311233,-0.44596212473728114,1.21637451974052
-1.572666611228695,0.8625526269541831,0.4379101420881783,-3.356756734036972,1.2951537604779122,0.12917956737566552,0.2619993904344938
-1.2911411160223336,2.387512162339763,1.2031970766654327,-0.13502627526197336,-0.42567092684206226,0.3956565056205224,1.3321651016162723
-1.584060315316262,2.1404312657791116,1.5801046711728217,-0.11213185434068722,-0.31563506476857406,0.5982153932143667,0.7659266905238181
-0.7981727637854917,0.24586882550657818,0.6591908003329214,-0.3103860624487888,-0.03060330607672321,0.8462195021261166,1.1923696138307271
-0.7063380197827189,0.859832317488226,0.6186019743735106,-0.4970113076857731,-0.1968198471452291,1.3597799731721263,0.9193914255029618
-2.263430645727415,1.7855780200988007,-0.2859385301509264,2.1242696233982494,-1.1960585243571253,0.5066609083671427,0.2269687257180498
-2.6514778547952704,-0.26438068967173256,0.9861068591609807,-0.614253462467087,-1.2899268792560228,0.7610137417013181,0.07514013893588163
-0.8548715988019071,2.8024387759277576,-0.1468901480249849,-0.3085100782065537,-0.6678641186274824,0.3089265834634394,1.045304089554469
-0.871488862034055,0.42941228374589707,1.9414145799642644,0.9687046750237955,1.051048802246522,0.23270136749079176,1.3772313065490775
-1.8194744143841277,0.9498833014621363,-0.3358733285766139,-0.09790425910310077,-1.3164248471445443,1.166501419248057,0.577530913147653
-1.8574201588581878,0.5244128149232844,-0.8959351854284908,0.8813688587603155,0.6444833022568693,-1.376565424662994,0.9588647242549148
-2.5907990675893346,0.5218801419946074,-0.6703111494735614,2.4675766431537447,0.5720669340316015,-1.2395086767810874,0.060732858434838076
-3.2895548888071797,1.4939989709789028,-0.5953165493637348,0.17269314223525248,0.927915242349099,0.5193085593303562,-1.7383444234829528
-2.828660176450406,-1.7995195706792428,0.18467190261502747,-1.533548940812733,-0.1934364637613769,-0.27949890226578966,0.17745300638647526
-0.9304196227951299,2.1059875740688727,0.28966872919358577,0.038896903591074415,-0.5491996300485829,0.039873426179529756,1.1947036354240508
-2.2936195472649463,0.3831820996530119,-0.6069933772004587,0.5821404366148377,-0.10521392127885706,-0.960548955597769,0.6148693140131701
-2.403552756385778,0.2853373438911525,-1.0969808279567483,1.016482289901939,0.5309639318236129,-1.5008273213220504,0.4381850813028101
-1.8308774522070685,0.6428769378768036,-0.41630994049227826,0.4978150224239628,0.36579155344078335,-0.9732201708760002,0.8641657007008431
-2.632887067822615,-0.44956834974515963,1.138730071941656,-0.6551933869122982,-1.2715421439767012,0.6927871386151435,0.06622300481892025
-2.4413223490280314,-0.6585334714619417,1.1381862190046625,-0.7398808747486544,-0.8637816232769276,0.43931325339956145,0.26539787574203905
-1.6149021219534705,0.18656509832552864,1.6818279183462688,-0.7919487955767325,0.7842778656290361,0.48131205046047626,0.32872447695789747
-2.2842494271633575,0.4252207297401721,-1.190484077312486,1.0962781610600447,0.8024139868011589,-1.628877617949074,0.4609270611482767
-1.7743891022218055,1.5677193508203324,0.2681680989985089,0.9485487390619776,0.165583453827251,-0.24409047944267726,0.48825128600223794
-2.2340150740306415,0.5022060015760792,-0.771316502909647,0.5820071095106091,-0.6021148054173483,-0.777026175729365,0.8356033364724547
-1.8356466114147356,0.45180217762226155,-0.6907980486488964,0.6881231744549073,1.5028885810319303,-0.5301949011040358,-1.0953312664041224
-0.32945937674356734,-0.1177389675760711,-1.2924827015839457,1.0764285234424955,-1.4896429827703335,-1.4377094276075653,1.0346130187178963
-0.0752023273076856,0.8020468347608166,-1.2859688386980856,0.8046521883711145,-1.160943042222009,-0.4919377918116281,0.7214753699161021
-1.1477933515277403,-0.11155986051946883,-0.41632839921208836,0.4994308796225854,0.2212703952059921,-0.18374689515609346,0.05015048864045619
-1.0100557372576418,-0.354378934873411,-0.4680047073714373,0.6498863408513322,0.6044832313792112,-0.3099535184014901,0.3774897840244024
-0.8204451016711896,-1.6754245919432162,-0.6122706095345973,0.8039560054585994,1.1989713714587837,1.182769609351818,-0.11037911524406467
0.5157537713390826,1.2124584433902128,0.67680714730157,-0.36000105214100603,-0.5602093394107539,-0.08205885969894086,0.8878020682528076
-0.5474300525203011,1.5630034427371058,0.05245916040340988,-0.03519046584540492,1.277192693271359,0.3811238137450499,-0.3950932854278333
-0.9977561963906917,-0.3966966484327544,-0.5046136063636862,0.7557804471140266,0.5729740414657263,-0.7796222051255113,0.7321088155101068
0.9172663152918102,2.3970604691399875,1.4266243302436352,1.6117314451306066,0.41792614678170986,0.14767441054164052,0.4165381145443698
-1.2656868596223612,0.8886553476272168,0.600023622441973,-0.2850862400667783,1.3930724510803256,0.6242953705043629,-0.9604805496832359
-0.9627472507102897,2.51781447842991,-0.9698111882867896,0.23752051834720356,-0.1837697071336926,0.12846262229396957,-0.5560232540368623
-1.2394424136559148,0.19432884175155438,-0.501093801938941,0.4346712827999955,-0.18688686531894205,-0.11667350630229867,0.010162253093602257
-0.8288720740255486,-0.21044990648098869,-0.8709730312154386,0.49736294006980053,0.3110152183338046,1.7596597276097443,-0.4637631829512687
-0.17640388965261486,0.6704769141225805,0.8943732471102248,-0.2466672952003642,1.3680577034196741,0.06793753979421427,0.7479177121005227
0.10140756208311223,1.069817659186011,-0.5059097782213674,0.4876865513484791,0.19642991774674237,-0.7720091321695239,0.281914589112755
-1.4560548417568944,-1.730594472189863,0.8450000528076322,-0.028970175183114753,-0.10251527951774846,0.31509998585405746,0.45280973751194453
-0.7900137081200114,-1.9604695779321812,-1.674596683882053,1.3366970997836245,-0.19212413481187757,1.2124656729466552,0.725176848812556
-1.5316728084040099,0.033360157784042936,-0.7098722953716338,-2.4563098192042703,0.6267224674552136,0.7188915694775256,-0.4709881834945718
0.15521312304874965,-0.13933708368446523,-2.262692213961436,-0.33711717809041786,-0.8914386586093025,-0.7121939195517479,0.9572135275615232
-2.2966205823953927,-1.2959518591531851,-0.084211177461101,-2.681143646591856,-0.650569517412399,-0.3247652467883267,-0.2023445038990412
-1.6098570600424102,-0.9374608609555343,-0.3499994617547675,-4.011369436575457,0.2845951260345355,-1.2281592345698444,0.5916931773700371
0.8910746494098869,-0.05219615626109239,-0.5730352105247614,0.15651204573124888,-1.5437025543469176,2.135713330759933,0.7021228360135068
-1.1585292630657102,-2.16134935842964,-1.312192105552916,1.1606568625656344,-0.14449031999760692,1.1080338146143685,0.1961336991848409
-0.7205743526018542,0.06163629036552186,-0.8545659071828622,-0.7623461973810678,0.8880749465470114,-1.635895705997444,0.6483629223862802
-0.5499985365277611,0.8273590220092488,0.9491402712354089,-0.3385168242662367,0.21368979659211337,-0.5916069244918477,1.0084918458419825
-2.2468051366442205,-1.4763645518119393,1.267784414607358,-0.20284195017401657,0.365759520273862,-0.47459861235174045,-0.5197379245473683
0.7439975487297438,0.06050127560715709,-0.4190185640935235,0.07297396572202668,-1.5591841096395567,1.9116738751340363,0.6284668021423542
0.9504222567036233,0.11890055934229438,-2.1278317314688735,-3.104464227965768,-0.03301205733963541,0.8578802990004682,0.3902293503685363
-1.1813642162050322,0.15270603560812648,-0.25391808105090474,0.3464710742969735,0.3464327132643872,-0.059857753432429606,-0.198738879346017
0.1132821206643257,0.4384739637689179,-0.5931970371721287,0.7254608738736085,0.17780658280331843,-1.2343347623348613,0.5985335985649498
0.05771294058827488,1.0142589408859377,-0.5483111507667306,0.5216960355765581,-0.01117058829313009,-0.9242370265141842,0.3255921730561472
0.05004611721298271,-0.1517518869826371,-2.2695162092283496,-0.13888959050267233,-1.2317712049598983,-0.895082823300707,1.081742420667046
-0.15685624013619687,-0.25420419050526505,-1.4752744384912297,1.1819479635530936,-1.4166421858135414,-1.1574542424210832,1.145086822084213
-1.2003730112308078,-0.587659999852949,-0.34181408013596365,0.652150640871539,0.6816248298702892,-0.5062317373990766,0.32796741633287463
-1.0005868803869593,-0.4117250680626363,-0.5022423105928461,0.7554486964173952,0.580140708681915,-0.7655930777913486,0.7198243741504217
-1.1602185546994686,-0.2789338527352956,-0.29856647722507795,0.6536559020318422,-0.7371578304110052,0.4115878343653271,0.2838729630732707
-0.7219915168016685,-0.4776315821886087,-0.18642990272409618,0.16791326195586484,0.5385671424707698,1.8896731148596984,-0.364406167293277
-0.301406032033999,-1.2340292236312649,-0.32172882516286444,0.43665395367965937,0.3773254593716835,1.683756533283371,0.5903068859218822
0.8800332474976587,1.607067175712745,0.8748495742906512,-0.46495078201038137,0.1330094020979906,-0.04823271162798364,0.8896829468584484
0.7463346851923925,1.9298805722537253,0.6746666023867459,-0.4672104945003346,0.1361119980032507,0.2244546910554774,0.4224654283101082
0.3308804458262097,1.651354049407544,-0.042201536291341636,0.14142038421879574,0.5727609453248457,-0.5820664736003923,0.295465129055137
0.36807201780228227,2.279677487649711,1.982376340681533,1.9177302102713651,-1.1261740259887723,0.6636068666034944,0.5742370645886672
-1.3209638075822723,0.6434977538388502,1.370905722522728,1.7630766876342197,1.7597432997586686,0.08682273367556438,-0.730645423171545
-0.6127351060859006,-0.9844553407843479,-2.322429229272188,-3.481826512875405,0.2869806444374039,-1.3882628419410783,1.2974220969297754
-1.5356231729866765,0.5552455529322593,1.9619976226656946,2.1470611910493798,0.3501588128259116,0.7905477319312071,-0.5661300483915507
-1.3871144407768634,0.0634409192932193,-0.6595788271194329,0.4914629673494047,-0.611216559643394,-0.06166801980309543,0.028905952410919283
-1.6576861504019276,-0.17635000265185222,-0.5816428331029342,0.4469568024273542,-0.7843919710300252,0.003914581693219884,-0.24199492753753588
-0.5719722512425206,0.19095918181285976,-0.7586970972449331,0.4420584123447699,0.5807789509792415,1.4775976977654075,-0.33032483814198255
-0.21507267619151907,0.5295564626792185,-0.05725765130872216,1.6175759597575048,0.8607010956494303,0.8296945990603414,0.09742714531754557
-0.3951944387827515,0.23904711770308654,0.7555415283806743,-0.07989710392878041,1.2970984280313087,-0.10358629802414343,0.694350683467753
0.9927135955008832,2.266181847615762,0.926400678728135,-0.6522488905456614,0.3528587366491228,0.3439488494585609,0.5775339060178296
-2.3878221852310184,-1.0111470791528987,-0.2392482257491656,0.41066293471641746,-0.5346189516170368,-0.043814772924968645,-0.4936127941912188
-1.2166181570054635,-2.1605231614965614,-1.1834227090894678,1.0858864737169867,-0.18282234873618888,1.0139171598971977,0.009304412127807514
-1.2508931688593357,-2.1012720510054215,-1.1135642130933847,1.0407812656533484,0.053602198451479684,1.1397411247272613,0.0016826240817387913
-1.1521378597420102,-0.9255298419494377,0.17636855793711728,1.0952288530560943,-0.8926917716765603,0.058544091975552354,0.8472352666967314
-3.6204211017157517,-1.0555759608858584,0.5207397091334851,0.01883905472417611,-0.5256803469369283,-0.618822324532085,-1.1574481019597067
-3.2459048282291096,-1.143317892330478,0.461373456074613,0.15824667710264093,-0.16703455014245933,-0.84838180636076,-0.7991853320097746
0.45139503122723845,-0.06177654796113964,-3.540182800526212,-3.06037029785307,-0.13759177207453685,-0.7057073975169028,0.826486513595832
-1.402698052065483,-0.13016878450732955,-0.20763291734138445,-1.6344452752331964,0.9001370244051813,-0.7418319680303814,-0.25279892906782214
-2.3240552491830693,-0.7145829286341832,1.450662735049352,-0.5900240286009041,-0.13215441648360254,0.15681791502573855,-0.5686607505688336
-2.5778788187343697,-1.2743914838000598,0.32314905265132865,-2.1376883950035768,-0.7874289991578024,-0.26193478784375906,-0.2684520775846109
-1.6241107137567765,-0.7836774894623609,1.5148003543822761,-0.6505399422371545,0.07983744911279034,-0.7014935355808273,0.4359299934543803
1.583187719068987,-0.3351898129112726,-2.1792567386087396,-2.0990768446826196,-0.09602375276077227,2.0624614521951514,0.8217509670570777
-0.43622329071034605,-2.0429270539816495,-3.0388386611197267,-1.1323886859352363,-0.005880411874908986,1.3831531307681322,0.46496135729269594
0.06287034960496829,1.8406545858060008,1.0690104038120418,1.918957416653499,-0.7332201561157801,0.0734092173793785,0.3683159673038157
-0.4385718785596669,0.5100550872966909,-0.16219198986572744,0.5644055506106339,1.4619840410052112,-1.1373847314041707,0.8795190423587895
-0.42659424319796946,1.6950553107234312,-1.2490813829951093,-2.132589065112042,1.1159371578124877,-0.6518238145782091,0.13841544350595247
-1.0739071637119206,0.2788665686898478,-0.25309582800832287,0.3165079161478043,0.07886190124392203,-0.1353228000816413,0.08792756086600184
-2.7189195665652828,-1.4321481520186476,-1.812800109637443,-3.978861247349896,0.7418812896385701,-1.8170598881556717,-0.44306652877266295
0.7771881300376834,0.11938410471269194,-1.2051229942613033,-1.5937069911523545,-1.2367212145646886,1.2909099766518266,0.7616373037997675
0.9173955757960415,-0.19895455433997525,0.2029509991373209,0.5647596801435405,-0.07953253850532618,0.7082011802139645,0.9744385176657201
-1.0739956526457322,0.445470518474255,0.6762807234092499,1.8411844622649212,0.1316525092839027,0.2220955424614435,-0.041882749420358086
-1.9785563795315184,0.2869769702116005,-0.8740720569011666,0.8051609214662289,1.2700872637160296,-0.6073977318628825,-1.0784340268717023
-0.06398186134353304,0.9354656480187691,-0.7057387548507683,0.5671757462405308,-0.2457294340716783,-0.6978386457267653,0.35856873571588455
0.28482269844907593,1.2150640771723864,-0.6538549353371912,0.5011782968731646,-0.2315788827543838,-0.6353175785955264,0.7525386126555659
-1.3481428488950287,-0.016665610683229103,-0.6777909956906354,0.5278381092162064,-0.5322772441924934,-0.061267953301135054,0.08227027939670106
-0.9459064388493369,-0.39889468510140225,-0.5593808511013247,0.7555152703296101,0.6057666578406917,-0.5376320016722345,0.6778960482632944
-1.1795358881947335,-0.3577650383467207,-0.3517496150710123,0.5960552634968078,0.6037978889342418,-0.42972155073837126,0.29077965778739084
-1.5868830010426487,0.5629621663973651,1.2801159675400777,2.2613966716289915,1.3735180588258749,0.10427379794605368,-0.8574746026591784
-2.1289987945063076,0.49227025089616616,0.044683628035409796,2.50752794399328,0.8660971285269761,-0.3589987719064798,-0.999413253062311
-1.2258920117056755,0.3680420733050024,0.24584932823388556,-0.32137869990132134,1.9292496456497592,-0.33383846683001617,-0.6716993315237093
-0.9434937735731791,-1.396805134159887,-0.6649058031328504,0.744011799245239,0.8788364786809401,1.177940858318401,-0.19564698171667613
-0.8713408707113736,-1.8287987934284284,-1.1709685366966616,1.048906264775288,0.18889968158434944,1.2030014499307322,0.25625168022873396
0.8072278531066848,2.3988227913137057,1.0914024145543368,-0.08379025692732374,-0.4027697698283721,0.7353876395411845,0.48879058661160124
-0.6267568746024091,1.0023154995748482,0.030335889584685034,0.12057668886952307,1.3330570165055677,0.14864058650817585,-0.25809975807432994
-1.237549222023073,0.7380494870229503,1.1741221833854456,0.9112805151224113,1.7990362658782066,0.042694720596023854,-0.730475783758667
-0.38067787985478657,0.2902473717313076,0.7323562651710357,-0.15881133166870884,0.7115701972897023,0.08067373912726769,0.8991746935759943
-0.970640749163945,-0.401100118081551,-0.4952880381401789,0.7258943449946766,0.580444907700066,-0.6314120545877917,0.6084947164301626
-1.5216099390418814,0.7978342889742123,1.4871447637306767,2.4527026338249027,1.1488887936229817,0.412156403865862,-0.7894425504039634
-1.5749148310598733,0.7240709152890681,0.3737957207733334,-0.30520523693354873,0.3196341966477305,0.9994978954523062,-0.9825152182140808
-0.7367979074596237,-0.3952734967326234,-2.541987753501606,-3.440833481200482,-0.023720978263163803,-0.8503412727532911,0.7753932962958479
-0.8160086315238594,2.416687709839383,-1.6936147658607512,-1.420716522926138,-0.007945931536792763,0.10730252157685626,-0.4527823290063509
-1.5095911637913504,-0.04511542863372599,-0.792098339102217,0.5389985156491317,-0.9649117563593232,-0.01594467601283881,0.04534229308599832
-1.2151900873720316,0.21583545388296374,-0.33434326092931144,0.3685836468670273,0.11368419691981463,-0.13915623543067768,-0.10953931862193893
-1.1109454105045087,-0.5748651509165079,-1.0326749135887765,0.572961162561767,-0.20276545228524992,1.8766135785151152,-0.5436550169314713
-0.326269371409046,0.5754985200717223,-0.6403892312867234,0.973455668257754,0.37157081163182604,0.24443006724211438,0.47020720141114225
-0.21859169116191488,0.16351734386205197,-0.5376411602396232,1.5446549540600996,0.6361953979724523,0.42174904361343535,0.4842849338836887
-0.8307453924466068,0.30629017235259054,-0.21163033873438106,0.3115011639090988,0.5464009418636522,0.1645895618422081,0.2503899240307515
0.5183657972611002,1.4274417170608553,1.8317069576303806,1.8629740373819268,-0.46863877153104305,0.008044402355252044,0.8988429793521188
-1.4261614073699718,-0.8647873413760057,1.1504863181814702,-0.41005129953493036,-0.22103500072660207,0.5278662318555959,0.18302382665303474
-1.1377515016016753,-2.1107518819869573,-1.3589045591491875,1.1822537629001189,-0.15292656179391687,1.1011800894270134,0.29684287961202216
-0.29374821884517616,0.49680747823687127,1.8080805844012073,0.9204445917736193,0.6442928807647925,0.4349993610832176,0.9240911161171016
-1.2926571386847545,0.7122354209671827,0.5580369015239701,-0.5877549592640674,1.2744633665623981,0.7685659619759085,-0.6643994115731289
0.13326559185193448,-3.187659871377985,-2.2593534003083,-3.2710978820475938,0.5734399913290592,1.6284122999949324,0.9466359908397521
0.13257257975966766,-0.100886846029212,-2.0339736756425784,0.32233378026043985,-1.1553264947073671,-0.784254372578348,1.0994606838000494
-1.8850383858171216,-1.294367953641861,0.2572395850934547,-2.3551827322580445,-0.10549251639839949,-0.2994672036135116,0.040839840591130924
-2.1562333350474057,-1.4981530861204047,0.19880384298485665,-1.6942482089295052,-0.06991210965291189,-0.45826246811340793,-0.2987245471302955
-1.6226851957784283,-0.7993991097349732,-0.4994778370727027,-4.379263967645647,0.2511713971498766,-1.2192728227315792,0.5287830549980618
-1.6954359009691522,-0.9552585769832215,-1.179208051280772,-4.806564014474532,0.4859796985029028,-1.4513937998552071,0.3853120191077908
-0.5923721627182957,-2.6223566165234984,-1.7775814292391714,-2.3626416606972183,-0.3751988898741806,1.59011124013052,0.5597090835368999
-0.8806314867045496,-2.0318398345136246,-1.3539517538374761,-0.24597901273355136,-0.312607172189231,1.686678907299105,0.05917055797628375
-0.8601851179711527,-0.10351619329211888,-0.9309856385940763,-0.6365435282423321,0.5439552363999604,-1.6040932941114332,0.6488960019997114
-0.7746755114878544,0.5713204817672267,0.9824275378000561,-0.40320389380510263,-0.44547998282044343,-0.4744337221927084,1.075865537915979
-0.6752033183155163,0.6012167092795611,1.0301279788164006,-0.40504078211264877,-0.10188426009714226,-0.4615936074781773,0.908249431401318
-1.8878337040590096,-1.212985505573418,0.17966832929465068,-2.4431275470735017,0.5391542092770558,-0.6152520525673731,-0.18738230323533928
-1.1936562014972476,0.9009657596998705,-0.18564110407067624,0.1335726924013848,0.14124669488801933,0.04845186282865672,-0.404192958895653
-0.762419573045409,0.6958459975737106,-2.294833980410214,-3.1828592567962373,0.34759808011224885,-0.18334326960818417,-0.19183491868881702
0.017491018494874944,-1.5291730284501794,-0.6620452020238763,1.3996502189590099,0.4639208056165251,1.1437170881776835,0.6944089246586868
-0.4770375844972076,-1.2011641397075317,0.13093942022601304,2.8259505497584207,0.3721746394980249,0.9138654595755326,0.4440383063623844
-0.9135351215005134,2.0788782764537213,-0.4156923441089034,-0.10817738705444771,-0.19285411689760562,0.9186911834616374,-0.5977938440678654
-1.2467717216725522,-0.33673417965983543,-0.19568857518254745,0.4944449926194035,0.5508539800747231,-0.4772271303130037,-0.027810793684001293
-1.2622191221554162,-0.9400615778963709,-2.8491351623531815,-4.293678757890045,1.243028751480821,1.039209501249241,-0.8595504858474233
-2.0871549822521436,0.597566214773761,1.0630556248986716,-0.6757214444346152,0.1394462816169057,0.7689795567496114,-1.1797248216703151
-2.745113069175469,-1.4988177988823248,0.2845558146695847,0.11283778087207755,0.28374929255376063,-0.0467266209339945,-1.154014800604712
0.6115274719125424,2.0464296127845563,0.9422078706366761,-0.583391450654816,0.4443766540081728,-0.010228377017008355,0.12538537674564587
-1.7808557569249919,0.0668271135869278,0.7804734082885106,-0.3242597210326286,0.15905589731520792,0.284487846287637,-0.679548073741816
-2.248325853101505,-1.430564205552337,0.5246619080363383,0.09961715565299202,-0.6911637031068586,-0.3660468000661717,-0.06763897396994159
-0.9316178477573109,0.23669547501325344,-0.4365491449912107,0.4621885526307808,0.3742183673550331,-0.08315174120810052,0.07960805906378357
-0.29139265708838746,-0.8480446178334845,-0.5009081180505289,0.8194391381404992,0.5205693947160133,-0.5577324523532409,0.02078259114685906
-0.30973643013688956,-0.5095495172104727,-1.8064206497835862,-1.471621781042957,0.19057312875027035,-0.4550823129728192,-0.1431883691591987
0.10194099565613356,-0.2255247441761196,0.6993571036137542,0.03243837759113077,1.7037414403965003,0.2815606901407029,0.6552719798206149
0.6337811690710996,-1.294338565056471,-1.9606534630701258,1.4787127174340942,-0.5547870782168655,0.716348528426048,0.8114229349666352
-0.30308614146046414,-0.4094129060518481,-0.0659786931231572,0.619413392209779,1.9147636173056284,-0.5421042687214234,0.2932970674449775
-0.16894486007882456,-0.30335785713563335,0.2361247011837546,-0.16498221865637844,-0.3573919622428504,1.9624054618286801,0.48989032599298493
-1.3020783803643121,-0.0316376031656624,-1.7748933538956397,-2.5960886736900544,-0.3563528421305336,-1.2242167938330535,0.041737539484146186
-0.8522063956297385,0.132160331399481,-0.08129114819835195,-1.0149264011251393,1.871729639883645,-1.3356022031701147,0.028568998027462496
0.6576298466666427,-0.5130837863614213,1.1407790317071205,-0.04097762388732197,1.229063649741368,-0.6028898347728319,0.8461956153963156
-0.3593631111357595,-0.6509696903968666,-1.1838333821339706,1.0652294217811993,-1.1408086274013074,-0.8771692159724037,0.8010586289843957
-0.320194253818286,-0.5147313368239611,0.214883810121897,0.2493117628371218,0.7155831904198929,0.23187888598534584,0.5915119186572295
-0.7338162784659535,-1.6983961026461476,-1.92168759403517,-1.7275151846410395,1.1791795706309647,-0.2821066224868914,0.10173540305648421
1.501827364609762,0.06554721072547193,-0.321939292919974,0.2226170141040866,1.054148900644903,2.510193566738497,0.2372394046515576
-1.2981134395035974,0.05681432552388823,-0.144282030221688,0.3585358758658022,0.41792976376126073,-0.3704131017697783,-0.17789281664539305
-1.0603172368326184,-0.9419234380318158,-1.6611532043063992,-1.0111109694033584,0.05122936268210928,-0.6430359905753686,0.3104131635291904
0.3544608947609061,-1.1363719771962986,-1.0038653270502083,-2.064108436326732,0.5881473424563235,2.5086525265171606,0.35827338339234677
2.091373876477043,-0.30213345421149285,-1.8928897811584808,-2.1498817386574767,0.8274908332420444,1.1248756891369058,0.9117386182841375
-1.713017917222613,0.08004084882452975,2.9024290532752373,1.3993191431224943,-0.2847160318057635,0.2373989732269968,-0.2300357119791068
-0.6263769900847773,-0.7039220489889286,-2.180074918330415,-3.518674392212647,1.9813192058706788,-1.8692805017529754,0.3300407196679806
-0.21979239790297764,1.086945778891496,0.251723715231254,0.1673642996272409,0.9562962776395995,-1.1720212226944922,-0.3126703774893634
0.4111221341770262,0.9968117753955403,1.1489652239855042,-0.3678401987741329,0.5549184616673216,-0.8710118774626734,0.6084749958552539
0.3771361877446481,1.6028210788019175,0.10324085825803812,0.2330822473611405,0.9644697998614047,-1.4829230488169312,0.02586472990963287
0.6351670950006433,0.22265545856420668,-1.3793872197030195,-0.8696949925744362,2.21260684046913,2.1744986410034546,-0.5615293643961664
1.109835457909537,0.0649676503797623,-1.693776671933482,-2.3160062043322283,0.583366143360227,2.494099776042773,-0.2913863985599161
-1.6921591293168672,0.49984151081784267,1.8281944920110396,-0.9519305965464221,-0.30739097988021435,0.5255214709870437,-0.7075215942025558
-1.2955741158689298,1.2933676136485965,-0.657775293995642,0.36951072991701217,0.20772608818832758,-0.22205210289574326,-0.5086917035241586
-1.1951283658229757,1.1839733203535536,-0.253568813519161,0.15245991352158275,0.03790923785622621,-0.2211067352064611,-0.2211061737481614
0.9981693820952434,0.37048278763121917,-1.8053171442990945,0.20129746272244978,-0.28168180459916875,1.2092574275375467,0.3839849116189591
-0.5909997563600868,1.034723318404539,-1.2072088734822044,-2.0525727205114133,-0.010625234541992639,0.25512842753959664,-0.1399358496979052
0.682613214761213,-0.5335281473469122,-1.116902671381113,0.8364923746623213,0.9440279390936009,1.7514134725216888,-0.37283951297448636
0.04701690648027894,0.6881853316132395,0.9439928861367458,-0.41609970329496626,-0.8012583744978835,-0.44836366298003943,0.49199717707409774
0.9606888313074222,-0.7426341264419535,-2.1818096410244654,1.3702237246402909,-0.8298902047026155,1.4556390210807901,0.5093760066233799
0.2783713740673943,-0.8276621229784222,-1.3819624047175418,-1.2848100356491416,1.6084701496937694,-1.0268620232824461,0.1374167122657118
0.0866171284048744,-1.3888782206044274,-0.7372763336235794,0.9423255231913503,2.1482525745347227,1.324249585537522,0.08921732680053686
-0.5064419900270833,-0.46229914333406164,-0.4434170599146148,-0.8234592900511241,-0.5689012150348401,0.3638257365427316,0.5913655798508212
-0.9003231525181594,1.8995797379605932,-0.42043728732895197,-0.04693511422722657,-0.14507160861970614,0.7895830322231042,-0.5142083275366235
-0.13255502492301557,-1.878375293411296,0.5237979098910668,2.1978361897493737,-0.3456729768325733,1.5969987119789286,0.8376183515895418
-1.1982839882048346,1.8205849705749304,-0.1830534263120948,-0.21175466877532217,-0.08261778220620716,0.9957345843140389,-0.9961842603261947
-1.3854830841632322,-1.4523519853239963,-0.377092967823898,0.07931217996599987,1.2521585073470587,1.6479120665774691,-1.0590424750781455
-2.125237299617003,-0.5597151825778655,1.0350820004558139,-0.33014492192533446,0.2074049151334858,0.07992588109248064,-0.7058469266568779
0.3550943880113374,2.4992556925419627,0.58759757600437,-0.5895659819000263,0.33333418550943367,0.544062199827095,-0.6842556840129864
-2.6894332123966933,0.16358826209388116,0.11022558796797613,-0.13981127263183923,-0.6651396206329065,0.5927091747371331,-1.3910619130152817
-1.0606345946914466,-0.5241187878660531,-0.44732375741714386,0.523095144246185,0.5511913436733279,-0.5871771878180994,0.2780643325073902
0.1197263052066399,-0.4423555560071566,-0.15360998316981453,0.6473181780979457,1.4816645289113952,-0.7999782550879062,0.029975185343714687
-0.912821409258701,-0.8967360201614543,-0.23551815249100694,0.6528776005711173,0.9368542140218257,-0.40397487939778254,0.004009193314007802
-0.20914411721681417,-0.5490540917312835,0.037806487528010815,0.3198184498974517,0.22256720042159978,0.18269040232205216,0.8344707472175869
-0.25745537234960114,-0.32881650987660216,0.1317892618940526,-0.1526772632062068,-0.638099332811864,2.08653082177979,0.45134877264453405
-1.1479944247114073,0.2246702547148693,-1.5181510405030043,-2.4354467086814475,0.14194814020826818,-1.3251083063566123,0.03407320734257658
-0.9716318978218274,1.0063876535892595,1.201257883333438,-0.6576505670718488,0.3866049490318655,0.17240169108771772,-0.29256758143639044
0.3807118714098255,0.4025390815797265,-4.230116998237391,-1.9292890035836452,0.6698314887197987,-1.2929504540824004,0.19915142900791516
-0.4135293729248414,-0.8704040627741393,-1.0722090429767313,1.0007631689313348,-1.225010452797614,-0.7316052857647546,0.5913567046520574
0.06048503419645159,-0.35008528024117996,0.45615796322524627,-0.15618534769524628,0.3345980035911735,1.6768726146012016,0.6136200875983402
1.0325929700352088,0.16813499164459686,-0.8247099395745915,0.5507696252125016,1.6772403807796608,2.2634527828547015,-0.6623357377538431
1.5443930277377205,-0.09030140917591786,0.28077677680134566,-0.06970608113720017,1.5463808575632876,2.674956804292718,-0.02733590886391266
-1.13273519162475,0.8199247896974804,-0.3367953775536445,-0.09692869342741324,0.17327069012387739,0.05762347390184498,-0.4254420878229856
-0.6034401622318672,-0.48777847487728915,-0.7015367138479274,-3.848702898536936,1.3298831973548007,-0.9602570056798124,0.45830487362515604
-1.2929353587290762,-0.2996528038125531,-2.8510815227431476,-2.057498005167032,1.8318264519043683,-2.1783465986133974,-0.22421588443844173
-0.14012546223647296,0.9956886520036784,-0.3134062881368984,-0.8128847059377725,1.065721458260105,-1.3522853121600353,-0.15502140554523358
0.5841276561651179,1.2964824293168464,-2.639756563919157,-1.7396695665403266,0.7567648160977516,-0.7424149622593671,-0.06713333640114318
-1.4733511605272873,1.7708342728777116,2.835355030300366,1.0899395357491766,-0.7930519418438945,1.4555798144514143,-0.8083131184146397
-0.0891882774595937,-0.43058378587578133,-0.6236626892780236,-1.77452834222586,0.6628253283045695,0.21381863747104274,0.5504637785595823
-1.0866423461828045,-0.8798050999932687,-1.2049421079469465,-2.8077467626346007,0.4263773351243112,-1.737343152727234,0.6133698559126963
-0.031653968722396564,1.3598850075655087,0.9662960783857728,-0.6388234220768477,-0.9787851480312681,-0.02044514565025432,0.22282599906073694
0.647147481906301,-0.6416363797567434,-1.239926134525884,0.9075141432081998,0.7072436845577575,1.71661656889087,-0.27768850377053583
0.211296574902629,0.8178845465469042,0.9763434438964221,-0.31413313036641316,-0.07107871046507959,-0.8214925695225027,0.6684291823665163
0.706533846777533,-1.208423416154007,-1.5451197525694107,1.3339830106882868,0.04485973849311568,0.38415611533799954,0.5984624911937739
-1.7742899322139054,0.12258728164188493,2.12129538794307,-0.3557359650938531,-0.22837769676285297,0.15999253894133594,-0.484893762504078
0.5036065312160968,-0.42345995032350037,0.8187608822816219,-0.05217520952097989,0.3459342472356551,-0.07490810651946209,0.7824079367581425
0.2069674759416608,0.11551343976225609,-0.4058827529390006,0.402261505765308,0.2467785896401939,-0.3764859149168655,0.07475185424506606
-0.989616070208046,1.974706747630242,-0.3493947860774225,-0.11594277009842181,-0.1638521918473991,0.838166486001032,-0.6502999441094925
-0.8600242230138397,1.4895534634334284,-1.176614370834668,-1.3588047649182782,0.03765790867972307,0.4683941488926704,-0.43597456176670735
0.23992037670021557,-1.3019226585712993,-0.8106081012721702,1.274085446078662,0.7405641239793416,1.483168836228956,0.5530907123475777
-0.12435790986685506,-0.390972866891802,-0.5909938530244148,1.9307387282832436,0.40569770484969614,1.323860809581184,0.26135464084934584
-0.9416028231276822,1.554394244094999,-0.39465725713144384,0.06392688222596023,-0.055203533490962874,0.4495032079522842,-0.33659849797854896
-1.2231257840070284,-0.630470875571877,-0.2211469693555231,0.5946549170759303,0.6445921549646978,-0.6042205826350887,0.09351647091820492
-1.656208014314235,-0.5116965437410284,-0.86047418390175,-1.4810344306151104,0.8712582687747138,0.43480809457931324,-0.7408448063567844
0.9132995531352923,-0.8319176558570757,-2.1615560287579925,1.3689768573190904,-0.49528977918438255,1.602258278360655,0.6090571952365222
0.46649019493064203,2.196861982244217,0.4467234350489609,-0.32891980485585254,0.7496261162593008,0.07728488962029147,-0.3731413989426493
-1.7809079538729626,-0.044847408347236495,1.5917869037556862,-0.13008847702602944,-0.04896212298139297,0.030306358103660745,-0.40256192450271794
-2.39829876341314,0.07129139977236632,0.35347054325352184,-0.29507281256300544,-0.9129946608210253,0.7602332493146008,-1.0874965123083271
-0.3389309177183058,-0.8858865704472741,-2.6549513497081505,-1.3280949485985052,-0.6919044252354655,-1.4891589790114366,0.730203833839826
-1.0750548637673822,-0.588137489086338,-1.2786633574197088,-0.48644667711175993,0.08686147001696305,-0.49602980939473856,0.2898250903685818
-1.2153623333016603,-1.0209258717248832,-2.756979699443899,-3.2185505799367866,0.014907189473828584,-0.6235182028887442,0.007731106031475041
-0.3059888910991113,-0.7800936080490902,-0.4500682291031004,0.7931601193912956,0.539874915955738,-0.6498665964362106,0.017814076356348994
0.028765552637295747,-0.38280296003565095,-0.6107951954256668,-0.6751884758587903,0.10386464940471961,-0.01162382525430295,0.048832412063200076
0.21276632782635443,-0.05897985120461722,0.704783041400007,-0.0648308817864867,1.6468090776261552,0.7004002232202223,0.6071357451157418
0.4904329942990461,-1.5418585329262071,-1.7997527001414584,1.4344297584135255,-0.44966900046614716,0.6942686323409911,0.5732870474309796
-0.6513960464208389,0.28161339692901804,-0.2941599163889032,0.437884720442959,0.9660560500423245,-0.04555577170418705,0.06621130438367721
-0.23059856137195955,-0.46885705812849104,0.38719337492412564,0.03697064084400683,0.4511684183987599,0.7936870622166862,0.6509169095565231
-1.2311701803728858,0.27969420227747777,-1.2877078322851234,-1.4654094446451804,-0.26217408216845317,-1.1002042878307419,0.03454377442509967
0.2958964921849357,0.9425673960046089,-2.748942051790043,0.5909876298500459,0.43092796936864347,-0.4178060106357911,-0.14304425672954849
-0.031094676196996695,-0.5854964072223942,-0.44663439412960193,-0.25619668746422697,0.447830431634755,-0.5483193249773458,0.23979211253740815
-0.0844099494574181,-1.1916164279340478,-3.4477830522359416,-2.78783436335998,-0.21172732900234328,-1.5528292674131274,0.6955682396123714
-1.0582603611464785,-0.5437238537058023,-0.7351281921273968,0.5277633088013383,-0.14454712085650803,-0.1379137927965784,0.220753608209921
0.9358923336986992,-1.1256503034759713,-1.78875386931896,-1.2213097502176764,1.794835176542192,1.6063991528158714,-0.4271017817780123
-0.4167899243024673,-0.9948233443925895,-0.6933055135224194,-0.46754819272093495,1.4446004110970665,-0.27598202358316004,0.4165190761052543
1.7511857669296815,0.20038227315190696,-0.058589482836232824,0.10120736326427233,1.443791087919796,2.507600960660619,0.3532336502563552
-1.2902637108290118,-0.21070055376483038,-0.1554275797244733,0.4486530742423313,0.4981951273039985,-0.5301532283766931,-0.05871484036289687
-0.9270475792247524,1.3106230490443849,-1.5762278345334586,-2.27633725637595,0.14363261115804038,0.4232892275801195,-0.6048246388074968
-2.298479039417279,-0.10274851988757748,1.6752086550332352,1.0205362945242764,0.38430592243353917,0.2842933585423381,-1.0183319822708445
-1.1763313973070126,-0.6930449093677244,-1.408941732141949,-0.8835199600744481,0.10389407190440603,-0.6473874966847751,0.22524558831400546
-0.6788272628857018,-0.5165445195184537,-1.5794473087415026,-1.7683041359280618,-0.18585766341212767,-0.09921733024564851,0.373300062189538
-1.6712262532399884,0.3630770557750288,2.172203727785679,-0.1057594770723354,-0.2993725306842963,0.4280888624106549,-0.48013089207537485
-1.1432977296662072,0.8292576916913796,-1.411741764034486,-1.1513659907443579,0.7121352785751761,-0.5941098731460092,-0.45150090585294445
0.004226192625880017,1.2346407171116287,0.23987290954399287,0.18146870237928256,1.167874525163988,-1.1886898627032987,-0.1846740649731491
0.3309798059009172,0.9933031735491011,1.055264436045683,-0.31466933753378096,0.5580907838160188,-0.8982779676575041,0.5156463738488279
0.41994818597869876,1.685597111371728,0.04801247637713091,0.26466485545590446,0.9302687785416773,-1.5679217570622968,0.1733864682745629
1.52289934949047,0.6038198906668384,-0.37981339278030024,-0.06624566771111025,1.1591001696551897,2.984362986508147,-0.17625467831783428
-1.200232540178507,-0.007880180250082955,0.34407072428721985,-2.854413375612948,0.23763035684077966,-0.1240408191905663,-0.14721583434800614
-1.6243901520691755,0.7008380093793488,1.7349976824068956,-1.0912949705283095,-0.35702622890381114,0.732797426633025,-0.7864195697952158
1.1847534274549476,-0.971747996734145,-2.5945750949015256,-0.6826298659989791,0.7474709320752718,0.642959168850373,0.5551352484021568
0.22780897888526816,0.3418810321036302,-0.6213181448029154,-2.8543698909067783,1.3880936912789028,0.2561156866222639,0.3039417318957684
-1.327871021716096,0.6935584626638869,-0.3287561264983526,0.341881849873736,0.26577584276179067,-0.4922600617320707,-0.3154474939329493
-1.041296890742776,0.8597927699312041,-0.7988194221874862,-0.8156945226255968,0.44803058378285776,-0.43122318309705415,-0.1968369163962211
0.7482896816739031,-0.07739081005478561,-2.0148186695871146,0.7152500048144539,-0.7713474673722815,1.2367724176391173,0.4128151118846706
0.7036475434376117,-1.5356370120977128,-2.6653553061567212,-2.4899489676753666,1.795791744834783,1.0489661030790587,-0.5076556565724265
0.3825324326582025,1.010140821202999,1.1987456177700344,-0.466756723599249,0.2970466339164688,-0.6405267369483489,0.42794624138601794
1.9113208156427746,-0.4917665674741144,-2.2469280524796944,-1.5807133798420732,1.0786342157147435,0.7854583883190261,0.8123762119658728
-0.09083831849944296,-0.5587907866646313,-1.6775261399205392,-1.3706619971121148,0.6164802390003995,-0.542642332840639,-0.07307182925565518
-2.3569152620976825,-0.15188599737167846,2.170379627274715,2.2306779096432705,-0.8977019253632743,0.295551674929105,-0.6284871398406472
-0.20465284326196612,-0.201832423051373,0.07697276914866506,-0.3757539725339411,0.034328066270460235,0.4515437159040552,0.6095545092973867
1.1111353486779114,0.4220217901544475,0.3004257861146692,-0.13244537320880112,-0.5943261027223093,0.8439416100088439,0.3954110882690129
1.7153805649670935,1.1336294879716842,0.22970722171391017,-0.14983983881668592,-0.12292158068703642,0.8907299264648133,0.7542671367314735
1.0691121638061745,0.2211772619451248,-1.0752621674138416,0.560291251265428,-0.3591952861947729,1.7071651279631797,-0.2910343422518005
0.57654744750654,0.8194644936026781,-0.22284253620844538,0.3858704888104246,1.1527360075385644,-0.16887000391248538,-0.4077933655203404
-0.1496457330014365,1.0971658912561228,0.4183628686955042,-0.23096037666485553,0.90177296222239,0.6847892226632416,-1.27350258008966
0.15459386605100223,1.827161072189445,-0.41284242985331043,0.04815447022857023,0.01287152401086103,0.620414692482232,-0.912410320178446
0.8024061340639078,2.6345172979907123,-0.29914544902369566,-0.04756423676522853,0.8414738275259807,0.6342814909634272,-0.6726203334490273
-1.5492084388436789,-0.2712546051162023,0.8527773396012254,-0.3954195050617409,-1.7573919441909187,-0.2268092605573857,0.36374780497646514
1.048395460204944,0.054729561935656555,0.2747087576243526,-0.14175892703477208,-0.9202516652895941,1.0940225748538632,-0.02329618994146829
-0.4916188093733065,-0.0919336442045802,-0.660094892462437,0.5894318077008526,-0.5399894727914243,-0.19252506609332953,-0.4062906071741929
-0.38147398994037185,-0.9457214509740286,-0.18353123298024968,0.6642857703555317,0.38775668476285186,-0.8544029717243092,-0.5451875030384288
0.6640058647601844,2.550955030406253,-0.22580763271165452,-0.08361007397105022,0.8991589173898025,0.6935571355379695,-0.7708958139243124
-0.03427553264848637,1.8636503404945377,-0.3754182017915131,-0.16220634841239476,-0.1642866720656967,0.3582064964189173,-1.043570674708941
-1.511104607271825,0.7006728760437544,-2.161268777644219,-2.386900407452657,1.0314673791355822,-0.014359057397027076,-1.6594752302122986
-0.8941481112376087,0.4528143909693819,-0.12727470402049348,-0.8737119044240715,0.9682083275538674,0.5922022523069777,-1.1108859740414623
0.31936299007295005,-0.2469698897517602,0.04354667104305978,0.4589799931792873,1.8566681901590758,0.0001361029931469961,-0.6849935314357067
0.14462471900782534,0.8372964922732519,-0.7425936680144216,0.4888736208029348,-0.7809160113407905,-0.39462816796962197,-0.36412257206077725
0.44711232592023414,1.9729492289254043,-0.17078858385586976,0.04003477751223117,0.6504101461305569,0.11413555099668879,-0.7058996841112519
-0.06472283842662425,-0.5518086405332532,-1.0696057351968729,1.0236420950928058,-1.2264190393485523,-1.2846927363366618,0.33050457743336864
-0.5669318560643148,0.3787338393358078,0.5409168852853228,-0.09995903070945027,-0.6253946433806007,-0.7903593566412953,-0.26550838151120065
-1.205711975812524,0.1948412062948372,-0.9492749239591308,0.7122091152303337,-1.4106629881369832,-1.0937415213498236,-0.6469623146694939
0.6745780022991849,-0.21048564896839397,-0.4635749022844234,0.6870236960248168,-0.07922940359840766,-0.7606162967729051,0.3944522278406481
0.7559591398401961,-0.22533224618273182,0.3049208052565827,0.17512718996860435,-0.2922271536525819,-0.36571926698629387,0.3495516099404217
0.109314819250495,-0.0661381789189662,-0.7972857047989036,0.7878511271564739,-0.6427698331506916,-0.9452685701485904,0.013140103361322058
0.9483140593738266,0.2308579635880789,-0.4760636700018084,0.842108994491649,0.9282855977443658,-1.5048595602832877,0.5387160508661248
-2.4019672509349936,-0.7631387319968582,-1.8831120713787353,0.4350025049836426,-0.16376279136551733,-1.5945017700630904,-0.7685405080832132
1.0356906470252953,0.7737628558021569,0.1318324391342718,0.26256779200085156,1.0390505530350214,-0.6084758284915049,-0.08463877408127644
1.9102660690355755,1.484890684889015,-0.8218622893302183,0.8284887395041693,0.836032174785205,-1.400744610288575,0.9354183482697094
2.043427419569767,1.6547036353277875,-0.9716559277465328,0.838241471824413,0.8267066218736254,-1.0623586586652924,0.9932277526081783
-0.30810102475347345,-0.06774112420789652,-0.1920084706922124,0.6208413340884937,-0.06880111964979319,-1.8246861298392414,0.00791099807967072
1.4400163581894958,-0.0551742135841541,-1.6892251320816696,0.26004614558593575,0.7155464323732739,0.21981077612550118,0.3846499154329263
-0.5754342403274417,0.3578799315826914,0.809747413693119,-0.2751801459696713,-0.49053068031515057,-0.5560956894836016,-0.3854235025820139
-1.3821529193709154,-1.0750253393140983,-1.9006734888901327,1.4671166122038737,-0.40200136127370467,-0.4620733761840471,-1.481462275722117
0.12274092522477567,-1.0870959896464596,-0.8454716124272231,0.9477148327756041,0.9031736115418676,0.42999923987001065,-0.5839176609327681
-1.6869933737674383,-0.27180370583603014,-0.10166051381639275,0.23663345080965575,-1.2654843254700643,-0.6816916286268399,-1.1953394253691634
-0.38193973180445545,-0.5497586963998315,-0.3815953715980387,0.4164099708284298,0.2149702854585428,-1.3741900844229225,-0.14986975308203276
-1.859415205985471,-0.9696514957883806,0.5723591577507963,0.038811202356540016,-0.8929893479585442,-0.8044113184082321,-0.17635757132052543
0.8100421634749206,2.0447886822578014,-0.03593785922986169,0.12335679662583375,0.7773505962605795,-0.8723891688655876,-0.37204823817246213
1.9431171415168165,1.3890460070457835,0.39798515833254755,-0.20622847223057264,0.4394708954718721,0.7833779628722537,0.8481357249040979
1.8271354550118872,0.9434088357126953,0.5311460528139383,-0.21974580903505023,0.4654567531181397,0.814459094588446,0.5136466017275136
-0.6799693651556424,-0.6144946241537602,-0.44857011690327114,0.5838625360253045,-0.46842457675185245,-0.3788027032548587,-0.7353772068549801
-0.13912373809045264,0.8117508879119576,-0.40604813517703914,0.27019224608788883,-0.08595269578309503,0.20883466938566353,-0.8377497099016382
0.00040976425873657173,0.02745120455973849,0.3268081002226966,0.002657878704979017,1.6380726115916269,-0.6598461739424152,-0.5952956730567148
0.09299453511244855,-0.014446710921789136,0.21348658585269595,0.37550839512271067,1.7246235549416762,-0.4992579092716017,-0.6215817531059012
-0.9399859161727183,-0.705908130731119,-0.17280566544112222,-0.014755671472629005,0.9839643409528379,-0.32513535294977913,-0.3673648877096211
-0.7104273578086134,-0.3905961368858369,-0.13360039912630384,0.08745314402659951,0.33984079284961255,-0.19995407741938398,-0.8566481421566361
0.5813553581406798,2.5815852901490683,-0.15253895169530945,-0.12340482966087003,0.8770402207662891,0.598800689105614,-0.8258067972752419
0.5792332947531578,2.6138301128085457,-0.15157016101511983,-0.1259058349751178,0.8616605785579904,0.5643599211934227,-0.8048737720883697
-1.223546300812585,0.7582790367629951,0.9628433703184044,-0.7171838702969816,-2.3022224468319137,-0.06424369661799144,-0.48864571090280345
-1.5366065375630764,1.2927126691588136,-0.006593221539347345,-0.2000429035647122,-1.5231947129204686,-0.15653756000742253,-1.3645634746832027
0.9857848497794095,-0.27282051902482557,-0.3602761392197857,0.12717297669272815,-1.668130414967895,1.672648291395724,0.2679902209088256
1.1210799854065896,-0.42097448907132345,-0.260947750471249,0.06686204283884244,-1.4503835266396392,1.9652830185657904,-0.06849471063765639
-0.29879752395800785,-0.5032672992294712,-0.5214017229038626,0.681951443227187,-0.1281847177848763,-0.5263770928082736,-0.3674981658264655
-0.4272380893463929,-0.10024856841910501,-0.927213881871733,0.6998107576251787,-1.0055016334358005,-0.19017241012648647,-0.23490214909007162
-0.20772319893060834,-0.7176850287972795,-0.4115377954778123,0.5313260975013677,0.2786333588254038,-1.074048080345041,-0.25676726645651826
-0.1982732859874878,-0.49816450176798827,-0.5409480575311468,0.5598125575087844,0.22334940630252872,-1.2138752355812665,0.08601591589813758
0.8444188565946867,2.0087457404290934,-0.3319249071728845,0.11496733041991665,1.0083179940157634,0.5523678853645114,-0.6010384687050548
0.7103287347455499,2.0914115049495936,-0.23379517342743336,0.07993691815461634,0.9826099921071942,0.28363514889641606,-0.5604161516041394
-0.7164274419812249,0.8674491046487277,0.4978868366533756,-0.34526324130218666,1.2915389976488016,0.7784272720847583,-1.1881373707145817
0.7145142157193323,-0.595010538586852,-1.5246365812440759,-1.7809973797845633,1.7475444035702459,0.6911968556064966,-0.7120251831603763
0.8962016214887679,-0.49459506051272445,-1.234217096185283,-1.2699598328187856,1.6877590940150922,1.2047131667993989,-0.6843679473026076
-0.4734370841235567,-0.012287380813469955,-0.03627225806029164,0.5297387492136444,-0.11105247644479464,-1.9600048569759496,-0.18189237053143364
-0.3172042625663202,1.1762461869295728,-0.16082313571329776,0.1768591218071666,-0.41520379159622267,-0.8181765966920304,-0.7017805007520508
1.0751243957337604,0.9077071691847454,-2.5774032482064717,-3.014664595481704,0.5505065228510514,-2.099248129069148,0.5586788394765073
1.5021200642387658,1.2475899902239524,-0.48153829362841805,0.654841401373417,0.9365219237827044,-1.35134706123921,0.3911271890516349
-1.2644126762807362,-0.3327388450286042,-0.8950250003680165,0.9483369639527123,-0.5207619047393497,-1.6303687266979658,-0.6214920619245493
-1.0645086644527688,-0.5815054195329024,-1.7891775650294075,1.4649051897933554,-0.542207117352309,-1.3748521485283123,-0.6524135596517816
0.8790127297309636,0.03499009176858685,-0.48421555174865794,0.7458167507644861,0.5007258390669045,-0.9314229111332883,0.3464050574828604
0.9889617438884494,0.21357637349100048,-0.49697601231882144,0.858624471630531,0.9931754673023465,-1.4496465330333526,0.564091717641294
0.006371270533660253,-0.561609535800356,-0.809068043594472,0.784786733594659,-1.5689965352009,-0.8925662754460607,0.3444728276072924
0.6385349761185897,0.0933240179601858,-0.4428753143833523,0.7040940273298706,0.4284292315143548,-1.0447833590485658,0.09494103809957805
-1.6340273400972076,-1.3407105955477392,0.4349063599545576,-0.3692850033438683,-1.2890392264319732,-0.7845169052974497,0.5573867506670886
-1.0762800782020854,-0.27174123878277806,1.1313882785842413,-0.3476176772953813,-0.3447869849514051,-0.5637345511359743,0.2599009280904552
1.0834698777809924,0.275208505511062,0.7801236808479756,-0.14146516129999714,0.30911491126066,-0.20437549491886234,0.23511801876966137
0.5795038662251897,0.2562133002501714,-0.2355546583604009,0.3869146909903998,-0.11774415371654882,-0.333934233793714,-0.14500582219030977
1.9193376035305922,1.9303935303133037,-0.7631365515468675,0.7143023405575577,0.6279355458462482,-1.5608823171121722,0.8739763682352664
2.13197675020941,1.783606771214136,-0.9743211736275266,0.8842564544399573,0.6899194118455177,-1.564604918714431,1.2278294799800598
-0.26135377687036904,-0.9746026374338663,-2.3035657279549966,-3.1919012066040313,0.4277203231252049,-2.2379362872116455,-0.07618351617707991
-0.4082560263930073,1.2608826872716923,-0.018779607908504987,0.05778382323857749,-0.4641408737837687,-0.7880233817607136,-0.9788863027852973
0.7066885888657037,0.5924650790409882,-1.9710144612881206,-2.925164555503734,0.794868848566591,-1.8849872618649344,-0.1574421501739163
0.8909323348155292,0.8068802920885368,-1.84844539262693,-2.938392022309366,1.205459799307494,-1.975672752115466,-0.05703820331712532
1.0924467991604767,-1.0570050464788012,-4.023498753308026,-3.695741016205272,-0.6934347540345895,0.9356526579582932,-0.1980300115373709
-0.3482973915931758,0.5798892204138827,0.9028109147747965,-0.37469529356676085,-0.6082656973690084,-0.5071819329766581,-0.22510673690766442
-0.9420609317617958,0.3722578665296873,-0.47412709182703117,0.4689938708892198,-0.8971172213370147,-1.0538733497141368,-0.5414354454160445
-0.4534433973881453,-1.9148865035612863,-1.1618582480735196,1.1407215825359307,-0.274815518934217,0.4053028449375725,-0.5067661845975361
-1.1629349874410813,-0.3168351662869534,0.7277225646624826,-0.2806890846393595,-1.8759742869408464,-0.4255186615531154,-0.14775226828121973
-1.48313774724033,-0.10082659965813878,-0.2864366794421037,0.3211698214559737,-1.355291522443501,-0.7203788089746485,-0.9001128025222025
-1.5911100771905535,0.04462875316076665,0.4999316177658052,-0.09453498455492541,-0.4354457585810182,-0.5271147492179055,-0.43300250036353083
-1.6331336521813424,-0.3832793341579802,0.8400316629835151,-0.36998495612256216,-1.6693143704608364,-0.2215903600591851,0.13000839835508674
1.048075545783025,2.2527518897106575,-0.44536159106119333,0.20290077531253817,0.4481222331451506,-0.24281832265124798,-0.26235647397389666
0.6524368610454258,2.4224174276640578,-0.47758454750994855,0.00954944060367257,-0.158161708715534,0.3637562514936896,-0.8207391353747029
1.4230939941846452,0.8052946901987236,0.09329569219213125,-0.07880409527885547,-0.6253947628113102,0.909432769185789,0.7138787727644303
1.647951114142728,0.9354662385096266,0.2524122612852003,-0.10653758979447413,-0.10851193298782078,0.7556510501578965,0.7922164407976787
1.5137733354989753,0.7944945138226752,0.12621349080528974,-0.057292201580570454,-0.4546481757161121,0.8057018943930739,0.7950247119855076
1.4029369264532505,0.24917598766764368,0.04037175073985349,0.15943491966753423,-0.37226986918274324,0.38969728745998294,0.9222159747423053
1.5961034908711516,0.43109769497182515,-0.5354958328907592,0.2322910989436444,-0.6495618516171835,1.6467629304108993,0.4891086025931944
0.23365893025202156,1.6676730301269214,-0.4263440403093906,0.007154859400209429,0.16616555104251857,0.4721791475190261,-0.8784672089929286
0.22504205812341727,1.4845531051007506,-0.41592490768065765,0.12774182320194957,0.14270979154106228,0.276449931872123,-0.7652798788703546
-0.05205143203446486,-0.8795871615105255,-1.1077917928180623,-2.2563801772680434,1.1686843030187966,-1.0077486337798989,-0.08761256777946975
-0.43580776693152,0.7548318443339365,0.38950717678651203,-0.2757388858962786,0.7429923367245704,0.65906540508559,-1.5058361579088897
-0.10008788767061447,0.21630121021209395,-0.3448956722262512,0.4657412095338768,0.2507976460002877,-0.3188465862357998,-0.5262233783555074
0.08820102492090909,1.0217591053485762,-0.39611955764005624,0.23675779249216072,0.08306335374801518,0.28851707336134536,-0.8298316074959308
0.7364288419874666,2.6050905203227295,-0.27562478686130537,-0.0601659539488131,0.8706031982423558,0.6688329564878911,-0.6933707025409981
0.8426670186674886,2.5975124418411153,-0.33474363896746356,-0.02689141101891235,0.8629676123418449,0.7037399222190545,-0.6606367847377888
-1.6381718768619087,-0.24499977337218612,0.5604437252945496,-0.16174299208872067,-1.2924837910714024,-0.4545776224105932,0.10734769384567934
-1.4977061292668843,-1.0470831669906273,0.8038422247066525,-0.13893333482735626,-1.5160465096756544,-0.5910478703179687,0.6696888981347515
1.1445309490866629,0.45991315876062994,0.21592303400932314,-0.15033317445416575,-0.8229919554520743,1.048775389029123,0.2571825743113731
1.8223273127810187,-0.3889711636999809,0.4651844042890312,0.2737267164449833,0.8774392435927747,-0.27590565571251674,1.0302339912068437
-1.1275675296979073,-0.619740785824793,-1.3964985870110802,1.0046252433601457,-0.8155488485212226,-0.005768979155975002,-1.2083916006092
-1.1810681006925456,-0.6267150325574475,-1.754842134876708,1.3129239663975973,-0.6243677556505515,-0.5643231850193914,-1.068094694493071
0.513914268791427,-0.982264504052624,-2.7421453761000913,-3.4428840357413493,1.0980160996571893,0.7757646494072233,-0.7852017194973719
-0.5136107786074389,-0.7085004138140927,-0.23423294689424032,0.49062226953569527,0.2990103501727345,-1.2075187559410059,-0.3391309274028782
-0.4697316750704149,-0.7284797481754292,-0.2889483395329369,0.4543078409627196,0.30781193790997885,-1.1821686111638405,-0.3258654017123188
0.3889756813517068,2.18518384284614,-0.38331451425401214,-0.011979425063880297,0.2765345826794135,0.7227889672007508,-0.8720044874193386
0.6278913339537342,2.526951154312921,-0.1951352347104855,-0.09813547363085395,0.9085206663292946,0.6938728722855407,-0.8173675908641536
0.05070420423400979,1.9786483337365581,-0.3737656681979512,-0.13438468501377224,-0.10064608358553474,0.4973084845614331,-1.051921694430462
0.3739174287458074,1.9609147865938341,-0.26500482531585734,-0.12109613253652761,0.4978203442508663,0.15555158656334328,-0.8016449210858736
-0.6205310840061452,0.5517319977040943,-0.6378772765810717,-1.8518161214478324,0.49395128675692473,0.380913546716694,-1.5405809609908114
-1.064973307229592,0.38318056238921877,-1.1182548157194345,-2.5028642668042167,0.8524937121322826,0.25377507077699757,-1.0998323009043287
-1.1174454574232755,0.6754216764453947,-0.6533962148235777,-1.2603365583072799,0.865906093648956,0.4984890430555628,-1.3651266324967255
0.24546772970568378,-0.3985239471163336,0.0767884671067496,0.5122657562287554,1.892790336826066,-0.2609171809592708,-0.5555993100936444
0.4519720684039657,-0.11172640609654243,-0.044920865612966134,0.44461557374371213,1.827962658833517,0.264610015814587,-0.728630276319062
0.09150243016776036,0.05283290432480221,-0.7750859114825764,0.7486860754166884,-0.6679893977990059,-0.9385288079404964,-0.015041697399084765
0.7011990461601594,0.8040652685930373,-0.25217383899640144,0.37293148782771574,0.41702321660933284,-0.4559940888595533,-0.22843678091380376
0.48322403621788923,2.0548713851015945,-0.2577431852008389,0.009591816488259282,0.57352079527974,0.4876683775345037,-0.8386275098016084
0.4027609997056336,2.060517026765917,-0.2048950587976147,-0.014064312013667294,0.5348848558221261,0.38668415556195357,-0.8657922375799609
0.5927182912127084,0.013403162947070967,-0.5679279472448767,0.8549935262649029,0.3376080712808102,-1.4959043837272235,0.4078478220721453
-0.10484675801152742,-0.6692636938450639,-1.1346100250460545,1.0479170697219424,-1.3873137091188792,-1.1958301121402823,0.2795564132542891
1.4969966644076567,0.4339014541142245,-3.1254616022798327,-3.2686525371974477,0.6722070283554084,-1.576312703637835,0.5472489712645164
-0.4016783320090629,0.82421500963045,0.7182749638262571,-0.36221569164973677,-0.7627982836535815,-0.3336897977917547,-0.38615727321799215
-0.6668859777737788,0.12043950956045818,0.38411186489572124,0.0760991106402798,-0.5995904223806406,-1.0558762279001521,-0.2268381924731681
-0.7097399939596353,-0.26435570283991316,-0.8475953518030381,0.7309766196851849,-1.375074867922836,-0.8332418430341781,-0.13644580440828047
-0.8873656550835428,0.291761634140992,-0.2142063270289461,0.29587968598279,-1.0919785682249161,-0.9011175929498082,-0.4959202539496909
0.8757922712194761,0.2528838959884806,-0.1608306119323563,0.49401826034072377,0.524223223151209,-0.7580424454030605,0.19630557042192104
0.49855340271178783,0.05505382824054646,-0.09691284903925042,0.31425839786512383,-0.23925018551506486,-0.22121554499514218,-0.14896912828392306
0.7593636883611419,0.1382246867590014,-0.32121454467419736,0.5415227098683641,-0.1776980274819888,-0.7880698060250634,0.4599188114461249
0.6560132517454488,-0.0342663351252097,-0.3109075390656035,0.5304317573286609,-0.09904669821180477,-0.5565339998069192,0.18475339593602214
-0.04836113367340154,-0.6290918693060156,-0.9847459647500006,0.9873110165781451,-1.0691979766823345,-1.1934605012865267,0.1856879464701163
0.09934408421408081,0.6135229027254171,-0.777764510586922,0.5607167627246701,-0.8313508808538324,-0.5041274937942976,-0.2884465929169356
1.006124633743583,-0.007115773214915182,0.21473103753569578,0.4188519451327454,0.6154982005476977,-1.18902815702379,0.6504857353624313
1.0990399915699685,0.28129147295537155,-0.29448438464241355,0.7393755575537242,1.1495229063364603,-1.3903247440805615,0.5233338857200824
-1.626540413951737,-1.4007184525890446,0.18747601677000342,-0.7021650189075033,-1.2344816023608733,-0.8448138308463659,0.519834619246507
-2.1708054573775843,-0.1966536751288214,-1.308118754127868,0.37742415602540774,-0.03342581619276955,-1.1954863552943058,-0.9028677193788059
1.07009172012914,0.430938933553885,0.5094587568937528,0.01022612580647771,0.4018823444823022,-0.32425682847340737,0.20634334836895823
1.0556090407541825,0.9148516609077566,-0.2792051725703433,0.502206445589506,0.9755183850330919,-0.8352044483221999,0.06605353805209434
1.9634078733353089,1.4201466303034014,-0.8769006338578695,0.8577879239222637,0.8789142420289715,-1.2626041295945802,0.9434907555127895
1.388491783325279,1.566028440959825,-0.48269513644202955,0.5925000665788855,0.8586523855198572,-1.3602406652031667,0.4850646600910976
-0.37934891488886546,-0.28654607272086585,-0.2684027395053185,0.4056151618515371,0.048503644525426236,-1.6921810285240277,-0.1289586852296672
-0.44428086109761306,-0.03736655056497997,-0.11673951113546244,0.5853942518849602,-0.07672574277247672,-1.933783487344213,-0.01647811013656796
0.6869801775119994,0.5305381983661027,-2.3522694285348433,-3.506187839678441,0.7858310299490299,-2.0197700960973566,-0.04950239238740881
0.4320107065695808,0.6619312401351259,-1.5043621074764169,-1.738950330975482,0.18013014517417558,-1.685414979194468,-0.13676575242901864
1.362330648636865,-0.16963941341360944,-1.1813733554451062,-0.0681377596167442,0.19215190485323685,0.6155816902852688,0.3739142887971725
1.6113576687739846,0.12543913257635883,-0.7899021622279152,0.19114952882343803,0.5269619424529584,0.3655358924673828,0.6966265253199072
-0.25254015489352283,0.6440745986157419,0.9787411961559931,-0.4621609876191414,-0.6892961598633224,-0.3359261064094504,-0.23656473141331452
-1.2529232349930641,0.1630796065204332,-0.20329574348955062,0.23166516031629542,-1.2756451385855334,-0.6284814954950663,-0.7750967550262887
-0.7186294388121809,-0.7416788660009993,-0.9861588017366529,1.1012060770266932,0.6781407369807588,-0.9346748146811793,-1.0831471507048163
-0.9335178765044195,-0.9562617149827345,-1.0851209670306776,0.9652007759415835,-0.6179530581606504,-0.2610007041116914,-0.7758956673283391
-0.4638847414514038,-1.2505523403531547,-1.4099776884936546,1.2907628853651096,0.9432637224067697,0.2611030542024319,-1.2462222144125856
0.3196555781624052,-0.6211647283194254,-0.34320807377310547,0.6688857978594462,1.500172099349463,0.2855760573544963,-0.6011709148119198
-1.6303545498038625,-0.5042721800287098,1.001214806401784,-0.4588742133269603,-1.6415307177253031,-0.11866022109772766,-0.05232200875113588
-1.9848690156939501,-0.5863320991443774,0.30435619508813905,0.0567442666381648,-1.068841386562487,-0.5828551252517927,-0.5129826911732948
0.06803239983510094,0.5509631293763577,-0.13846336621689398,0.09068288561683902,0.8525398879271835,-0.7978521664529439,-0.4950504715348467
-0.283645711490266,-0.4958557512396265,-0.42696773456572434,0.5567431774343073,0.20444393182400716,-1.29246176663571,-0.021216872179490472
-0.2204763045771975,-1.0614332717102337,-2.3807787021755,-3.1327134520024016,0.4918294126611181,-2.0877000443758456,-0.01939435524062715
-2.3628487967811234,-0.717236910146301,-1.325887118513807,0.5812036546045748,-0.24013338577182208,-1.371486608494451,-0.8993658073512142
-1.7724439080540622,-1.2119936076346707,0.7441484993551661,-0.06769175099730369,-1.2303327836483318,-0.6110643749609831,0.10530160898916127
0.8710953080320558,2.368105132824248,-0.09150445323244558,0.028060986438319377,0.7072149971585479,-0.4716867070413928,-0.5304664626181486
0.3810171263091497,1.2584425072651608,-0.48215805771548215,0.3485747783957373,-0.2318372111568267,-0.5322990163629026,-0.41747244019018265
1.252055306326852,-1.3225095442535515,-0.6818028665533531,0.9597993307504092,0.5432466799632124,0.17050593590276208,0.27213294081463657
0.8476190764100646,0.7242564875003418,-1.3901310962890359,0.9163313015197219,0.17756010243906112,0.09510278693981461,-0.8416923430868634
2.4506127911437976,0.9243812678764379,-1.4463282223687641,0.7951279177385732,-1.0321152080385496,0.6483852820450786,-0.1473227905586909
1.6606022314756135,-0.5258069001905081,-1.4383045628372417,1.1401421248778443,0.14377110609286317,0.5895428377822217,-0.10363082620825352
1.3131557612326226,-0.3654991769750818,-0.6267391232882477,0.7447206870247011,0.3880489984302229,0.021729889630551988,-0.21028964310709475
2.229987061326063,-1.1050009048669582,-0.22953885762575224,0.401585547994148,0.14668785403308965,1.842540762142538,0.1918463595266423
1.1460514668008017,-0.7859555859652256,-0.33848398883455894,0.7508130564039591,0.1913922898266354,-0.607578539811909,0.5444506889609847
1.1279508844748982,-1.0037730673970442,-1.1835590246979637,1.2109077947483398,0.3447932502101678,-0.19903191001195705,0.19348534699743006
2.3928990875518,-0.04631469872478743,0.3945521855771229,0.20597081473404105,0.8772834710512194,0.17584819100162352,0.9363885821274704
2.2601294362381923,0.9944331861696569,-0.477869523135,0.4846565266730462,0.6160029977805492,0.03376990234706587,0.4984099631119206
1.654790313235052,-0.6445867048442476,-0.1462962873097904,0.36547169679389924,0.0603983128091178,1.0152207909828737,0.041877157824335716
2.500429014673575,-0.8304667196806641,-0.9282422345901559,0.7513876527199067,-1.684953090838863,0.8785926551590573,0.822525445133436
0.4228908056405537,0.7123375396618897,-1.5383058348919796,0.9866240520753772,0.16688859061329503,0.03605942045311596,-1.221875697759889
0.497753709601654,0.35208709539401345,-1.5160703217029536,1.119190804928588,0.20640732081460927,-0.4078074059502738,-0.9921200911945495
1.8540899026877327,-0.372366380258488,-1.2645874615950892,-2.368421808042224,-0.5000138476319417,-0.6154337256493654,0.9056397365462561
1.5952444080716777,-0.45845337345677534,-1.6359768479987185,-2.8106068442309944,-1.0937495127949595,-0.5737077326158009,0.7761113514763285
0.9962119381795504,-1.2465703979942748,-1.284254958331119,1.2938417408465626,0.5972899394322185,0.0342427938910132,-0.1068291432995897
0.326129011423771,0.47682720024018294,-1.8875573857675059,1.2909676030675472,0.4035256031022478,-0.25110793700619116,-1.2497319567506922
0.21676168881415142,-0.9275860692778602,-0.5398226638045891,-1.1628969972847152,-1.5403465514375194,1.8595912922433502,-0.6420553210623499
2.2822669450349258,-0.47711694095905127,-2.0480943194623347,1.3613256820159374,-1.6165807654026496,0.5253227261984855,0.42004609485091554
2.5396114739317444,0.4883444813344206,-1.2890690534651053,1.029285970490651,1.0282068920415106,0.4295526027602281,0.3943983582511069
1.398026799202355,-1.3055658390765703,-1.030131094141373,1.063328662287642,0.4870278748671635,0.6723298939275089,-0.23963184785862632
0.5804230373065612,0.8431304773957521,-0.6378147820098008,0.5070961540084621,-0.39561477558900743,-0.5562727493884174,-0.4704956341676156
0.8633566759799076,0.29166753577633164,-0.8888139718685851,0.7673121396074465,-0.1773175281538333,-0.41200391570490186,-0.188764069876575
1.6247106383757928,1.3395021732390209,-0.3151456593113647,0.19027170611536032,-0.030687578834260258,0.2860025166325561,-0.12717625865695384
2.2724022806696036,0.4886502825083249,0.5845977886725171,-0.027322507771503215,0.6433257553840358,0.09228289623543155,0.6418285649307198
1.9161388854381207,-1.2680074707331188,-0.33106050218983984,0.6425419554927057,0.22323719458583968,0.8323834052490718,0.3887559666002631
1.8656327456908994,-0.8734120484934111,0.12186833024517968,0.3497851662333869,0.3145443938756708,0.7097736668541881,0.6020046626087029
0.5083161676175814,0.992874487575664,-1.1457897562000834,0.7024796178250176,-0.14818905698181453,-0.07188912723037744,-1.134922911600375
0.5366971168946497,0.8253025018671891,-1.1329813339815207,0.7596747914343223,-0.12576875615383018,-0.25667867927926535,-1.0245277544147917
1.195231982397555,-1.0957171774048011,-0.6034756706334137,0.911335786715843,0.43443117244519347,-0.15031890128205425,0.35375062241048527
0.5935841411619007,-0.30735585402208976,-1.5462667396708834,1.3176374731104925,0.6533929536813514,-0.41889949693777834,-0.6423396711146695
1.0612314704219132,0.21998336235083427,-0.8933309493763643,0.7480258466630152,0.11128196814555143,0.023194164808607323,-0.38282288634100653
0.6822200628825881,0.6288157299896535,-1.3393121118358742,0.8899603041709503,0.17613283490247186,0.12643547215705953,-1.0226714957795209
0.798606637949153,-1.6610208055975586,-2.9640962983296957,-3.20185500167309,-0.8896721836506013,2.051917392271345,-0.683815041627167
2.768966230738474,0.2758937705083984,-1.249475593733196,0.6946072981374019,-1.3073948333257739,1.3321921262678242,0.2582436626631629
2.3337940173953866,-0.24494388728698438,-1.8385190839599286,1.2170851693247982,-1.4442574342513845,0.4791886350638464,0.2054389977217347
1.6909423959118266,-0.7467576955617884,-0.6589161959869893,0.6976570715571536,0.018715830623963675,0.8228423191406249,0.07419344715053108
1.560749960738725,-0.9410218657606663,-1.0645970759905863,1.1774352772631813,0.8353155771005107,-0.020927426297945372,0.21073670883002107
2.114485910951083,0.3071523982021942,-0.6763809712554505,0.7780278503607766,0.9091903905491788,-0.1724535057503754,0.4746332814163102
1.7392399823216984,0.25258881503339065,-0.5177975270818455,0.6223515236438202,0.7701395865283556,0.07606686018002223,0.0042322942660369045
2.1671323084725733,-0.1428458698808121,0.11930513716362359,0.2213363619613495,0.2426954647523842,0.6869751068306352,0.6398297837443359
1.0522143103519714,0.18504187972201866,-0.5440783576313042,0.5154563840415457,0.0300494952173796,0.25682850590669953,-0.3448652956545763
0.9256137401307988,0.5019286493367389,-0.5723536737230008,0.4946335062930514,-0.02895972865624989,0.09334880954819794,-0.2998295114596343
1.2169021764075014,-1.1779120846627689,-1.100241714934163,1.1817701599311372,0.521930004244953,0.05118590124713825,0.19785412971639527
1.0424756584577628,-0.8060315265498083,-0.676978226510574,0.9314373104589061,0.2300955451701194,-0.5063093067470712,0.5016364698643988
2.2763545336650095,0.844364185626877,-0.41305875466115743,0.4966887069575939,0.8105184897863188,0.063912212052662,0.5761631826425426
1.847123569783424,-0.33897430549273033,-0.020736284731650716,0.40084324194626675,0.3378695463822774,0.21213248331597181,0.4948267180248509
1.7050251468924822,0.5065610579533643,-1.1090345421965353,-0.8562954980965913,-0.7338951958386106,-0.3367692063773915,0.627164999572033
1.1618278992430102,0.9332920927369494,-0.5281346221914817,0.3765005057425306,0.023619440063747024,0.17160077656641695,-0.6836455067225687
1.917349056032323,-0.8131379088754239,-0.19665982181473535,0.38316286400606586,0.08670207303990685,1.34693610705968,0.049880153236480554
1.4687674770110446,-0.4213002407898674,-0.6875185141255566,0.6766792027232837,0.3227395307095163,0.8034329954867477,-0.23455474521550856
1.940987644028118,-0.9183318657910741,-0.6431636305760106,0.5834905022787183,-1.1030844815386924,1.1335100691000073,0.683161301385156
1.7484667588975067,-0.49670675021075056,-1.8414038757388833,1.2833904837906067,-0.6534282218751026,0.6597388276282474,0.27445870123257854
0.59619968515034,0.6924111865504854,-1.510099793862413,0.9769075970959905,0.1412579166972799,0.07024856046347115,-1.0379640529970813
0.9722944791708282,0.3541188023592503,-0.619751521079644,0.5225894559270139,-0.10653736352608492,0.19602248174050538,-0.3055341944056025
1.6855415023909546,0.870462330000005,-0.975773059361994,0.7501556757205294,0.44304734973061066,-0.016968322455807736,0.07857340906104208
1.1754397805903194,0.7697082687930212,-1.6069380280507406,1.161485743634507,0.5656733114712211,-0.3793638971878407,-0.49888131966477794
2.1726372963712235,0.151427506623373,-0.5406884553786897,-1.8654994397393951,0.371058696885979,-0.49994069331133983,0.7880319937130132
1.2794708912260697,-0.19310311441471306,0.04772923554696463,0.2111230928345063,-0.4334223406953496,-0.09633766399236338,0.22695213272077414
2.11046124180795,0.3127215704567266,-1.4130966273553696,-1.854815752399068,-0.03241397705241525,-0.2561228623027496,0.6834380085734124
1.199123407063409,0.13531776642967352,-0.16231619898190133,-1.4115289233189807,-0.7813544008933287,0.053593108107552155,-0.05195901441323366
0.8677044462524788,-1.1745540632712386,-1.654331251374304,1.5064694159683134,0.7281028735109603,-0.05741184059330856,-0.35673849991822454
0.7763181410058175,-1.088280416906149,-1.887231598518274,1.6448091165223848,0.8456956964129665,-0.14705106094328332,-0.4506497894986952
-0.29434727982357994,-0.8803496557993278,-0.7004092617375917,-2.5838651949288653,-1.592289636668168,0.9936805760237402,-0.883451828501871
2.2293888781458633,-0.2706198519547173,-2.1733711615542544,1.3893869615623573,-1.6011379843920215,0.4874757257690118,0.1464050172482685
2.5532791900148903,0.1291030630739892,-1.8509691870053602,1.2414421302298586,-0.654373090824149,0.4863279934730976,0.04780646819915137
0.6057936886851759,0.5195860635323323,-1.0386157148542545,0.8191751093773338,-0.10582393067522868,-0.550869170142316,-0.5260095335563159
0.7953207427826638,0.9268676420427362,-0.8145609740462575,0.5459919889238909,-0.387770776966542,-0.18856968471214167,-0.4446567801676654
1.9432241469642324,1.318318678761891,0.051312365516731316,0.003781648084564659,0.21690494914467584,0.4392098389314611,0.05471027582329986
1.8519300534184746,1.145292910734282,0.0835339713137655,0.06457354104165736,0.7094564132601581,0.3690635344941641,-0.3216526182568816
1.8810247663648745,-1.1530408161449492,0.06613286917675655,0.3985113906927033,0.34327203471457346,0.9209828522949349,0.40793913210162297
1.9755129564732234,-1.0099797070799128,0.15570160054111265,0.36126029852916375,0.4920491419961916,0.8298349185310792,0.6307380569260239
1.3413804076015838,0.9173424655643893,-0.8588538769108016,-0.40499940143195196,-0.684714356706806,0.062213728143836404,-0.16216342461631417
1.3401447579615946,0.9674216438697104,-0.7764896318668544,-0.028766336894354087,-0.6784678285491569,-0.08921960056091603,0.0912517154965438
1.2484897498436973,-1.2590501750120076,-0.7544603552808166,0.983000719268004,0.372156380626431,0.08905974844511193,0.3173393149625315
1.1875206325826277,-1.19821122327102,-0.6201617163474789,0.9214267962388661,0.4799969796348619,-0.010357511116521922,0.30850930108612556
0.9785754107892115,0.5871951938117775,-0.9006129799775362,0.6558391781977257,-0.03930983632770924,0.12104464303257251,-0.390928066740763
0.7536696424755341,0.6509480122142581,-1.3294426791684857,0.8871258444476199,0.18814991321284283,0.11525264635247286,-0.9615721546862147
0.7741051817121317,-1.162118202275804,-1.3757519033444214,-0.3086927292285727,-1.189158132336983,2.476688143101218,-0.7906161337203145
2.4225386031138836,0.5255935989950907,-1.8803159473532138,1.0455351715569987,-1.2385698888005547,0.9521006416337982,-0.20491477564421703
2.3931527286284244,-0.0751035082871981,-1.7021457948197174,1.143761067665974,-1.2206694252033172,0.4083888943348102,0.17417357267880804
1.7025036889410232,-0.6895299619315836,-0.9556013817270185,0.8674873194140332,0.03278607849917668,0.7420852995836524,0.04349517640648064
2.0669267390028865,0.0010606852106310623,-1.4640510469414538,1.10237748689558,0.42725314517191815,0.6216850960553308,0.0863300602792838
1.4745129059735003,-0.003504332889301138,-1.0300170840591427,0.9564479328795437,0.5050270143983119,-0.15492432015055455,-0.028058496581442674
1.3344404803226408,0.03678292115637991,-0.8868909559976693,0.8313513168174383,0.4600407285514052,-0.011120022857435805,-0.2714217481524138
1.5840319662539193,-1.1262880025007727,-0.9970806621734072,0.9423089643189462,0.5090705043967624,1.1826887129940324,-0.3524649119757533
2.094428594433861,-0.8117530088436415,0.14537447172914494,0.2708701871831164,0.5647476421493454,1.2393951851051954,0.2819687974628472
1.1536705428791685,0.05280895924450388,-0.38358630946746886,0.47370226053326436,-0.024493075480574868,0.14189358796390272,-0.024491065922562234
1.102343121001443,0.26905378063950675,-0.39213729816102333,0.4439336034228117,-0.07942725256989024,0.08796164255295139,0.010932203249451239
1.2092810518095987,-1.1295526032290792,-1.2074720486387471,1.2345822365136379,0.4723414775895803,0.0029050168668908038,0.19284486307262574
1.0288129865219608,-0.827775207150168,-0.8819089589090265,1.043933362738117,0.25050420470355306,-0.45247991743045024,0.4474114343776761
2.2940551417733293,0.0032561348035833417,0.26644833146282604,0.18330779534423333,0.6090886429143157,0.5048813025517157,0.7089019624343587
2.299108994957356,0.04620750147261032,0.010402934378258934,0.39872896808869845,0.7723949901369003,0.09454086718863479,0.7968572906257478
2.3311341274474207,0.998412960804144,-0.0741761205505308,0.2568608118302688,0.6343299343557138,0.05861580663622101,0.5660492581171334
1.475333290397385,0.8843282825996567,-0.46198040944873897,0.38925583141649145,0.29323956204101764,0.1881940780045566,-0.4458287226118179
1.6200780658402036,-0.5736168394205554,-0.3211090819571194,0.46528260731208276,0.15794834016042267,0.9657240533193108,-0.03571068489759263
1.7598959288811211,-0.6225152200326002,0.04731714254055192,0.25505939438183406,0.06625143354735238,1.0599555997958316,0.25441191672366686
2.6508341301354847,-0.868959203968527,-1.0282723671154181,0.7903278939256133,-1.6496992717651189,1.0193684614396834,0.6161657892018555
2.119797317163298,-0.7960541570091672,-0.913824388264507,0.7085828297831653,-1.3737062710863888,1.0870446076165872,1.030577474073398
0.387698934737624,0.5157622808020857,-1.6840602627134116,1.144355466616961,0.29250124646131054,-0.1427399564279776,-1.1858736627551218
0.5953021649971343,0.6837480269151387,-1.3919664932877895,0.9047018059127724,0.13620776314900643,0.10785033420500552,-1.059673338667924
0.9801993763233906,-0.034094088098303,-0.5509822084364028,0.5623482928863134,-0.17923335926052794,-0.2772747380627965,-0.16356794985216191
0.6185286186403183,0.3443101581426497,-1.451007868994822,1.0853915329827493,0.17177089422006264,-0.43479794872505784,-0.8421260469807065
1.6808171990371257,-0.6794623997582931,-1.7352010996045175,-2.8247572470461275,-0.9410034068609153,-0.6919665141495941,0.9411276223356393
2.0131454457303937,-0.24937417223004413,-1.2182622714789204,-1.8860636304258636,-0.43362204991223874,-0.42468015138235193,0.9847283680654608
1.7361281729940172,0.09590719859875015,-1.5989729261680796,-2.250681983541452,-0.8737867068671378,-0.44288700661028657,0.725370549751009
1.8243695849773616,-0.34008280842630717,-1.3699105931393363,-2.5641657730563323,-0.5706884048838003,-0.6109173533722871,0.87328024420399
-0.3169799082031516,-1.0754148513769013,-1.450492295815606,-3.927573851112212,-1.4826138387746928,0.6052139364927652,-0.807986505474077
1.0452047467299048,-0.9799163036485883,-1.2863836333294534,1.2760307682676932,0.4519708313703451,-0.2354272374448578,0.0762759453832996
0.9603452432080908,-1.2644315706355467,-1.4288092368933494,1.37555586011698,0.6415382037779026,0.04204507643218781,-0.2609018818865457
0.4118921010962123,0.4991741417118119,-1.8322031546633795,1.2540193906951855,0.3677902746037664,-0.23654251156599085,-1.1835188202274958
0.5333370454477924,0.530579479101604,-1.5166647324153326,1.0271343625366653,0.17914954041828873,-0.025829397496425478,-0.9980001596322662
0.6380826265730729,-1.6898348839721542,-2.6080166007539574,-3.8068653369225256,-1.0464006074112182,1.8455581024629357,-0.6358377893062703
0.5139800500399547,-1.836288219479731,-2.324622010462307,-3.8441672681330306,-1.095965356407978,1.5556045190559702,-0.43329340107324005
0.3415459560154706,-1.649807982121319,-2.7253725098925656,-4.235947982687488,-1.0826718081263969,0.9438889724443636,-0.40515395436406504
0.30664956606863863,-2.0262762898314786,-2.1873749077125555,-3.06567715393413,-1.0442927034330298,0.5184415740273082,-0.06923720671647611
2.300985131782412,-0.6965970621729932,-1.570480396934163,1.0894948755131661,-1.6934865078197534,0.7527953751127808,0.43354377791138016
2.253838892500846,-0.513803266641577,-2.191657525748622,1.4110019735529338,-1.7041851085709319,0.6550853665401506,0.2022331015327742
2.3558247823409606,-0.046362911308493994,-0.6239651058020752,0.6759177209793281,0.7114138020290802,0.6555183771871932,0.3464242697267714
2.43056704254754,-0.615064255950841,-0.8498291342643144,0.8638845635829129,0.2848659184442718,0.7358039880279672,0.7779699077007792
1.4751703336801247,-1.2347612675340194,-0.9760709711987978,1.034884480504711,0.5766063106808387,0.6480709090777699,-0.24840058708077278
1.6795021052607104,-1.3578395527831584,-0.02606589674702887,0.4747617434990578,-0.00036133738270755785,0.7342458322242092,0.5221354213379585
0.4300772769830105,1.0388660388313675,-0.8077731600285257,0.5354799684551519,-0.31755973341587823,-0.3940520816225534,-0.9018956445261052
0.41738812004464104,0.5794391056037858,-1.312084931457265,0.9873492651849051,0.03317420215080839,-0.6971623371123531,-0.8543345416747785
0.8347948550573111,0.5878239853856274,-1.2328071060310009,0.8573430231782923,0.0015156660576969773,-0.022983884566505297,-0.6212096803440952
0.568370522415502,0.3132851458829988,-1.1762996259910152,0.9461553085936809,0.033276655596047464,-0.5419604989149517,-0.6475898599589495
1.5739505490410968,0.5160755294928272,-0.8923633430814008,-0.6577928452679521,-0.6233493374143323,0.009804350829660613,0.28015724017978105
1.4671241725361477,1.2867836124592555,-0.593759339357075,0.35352662595262424,-0.10656540154911848,0.2064188870973772,-0.24554494816032693
2.280863405802751,0.9807470970864233,0.5942852107528985,-0.19408479206261622,0.49799118639464435,0.4346707295053863,0.403701550026464
2.282748965182484,0.8057951105876041,0.5840556763990216,-0.1280785788494473,0.5488347012798608,0.2985178251870292,0.5093340744424906
1.7431018350484773,-1.04562216292311,-0.5420402738833234,0.7899099096146656,0.3847921903103494,0.4485821903762091,0.33337736070120166
1.6296794766147285,-0.7664314168304417,-1.0032346801112353,1.0515896030291583,0.7585187025313255,0.3057189225271765,0.049505786819319365
2.1398205876859717,-0.848593509079146,0.3364537718695708,0.3240323230644818,0.9930362847656433,0.578254660106237,0.639798041697039
1.7508672358145254,-0.9445420249688564,0.06612051007640316,0.37002025118563575,0.22909707342087116,0.7509239294189781,0.42070373107123066
0.5212895425298888,0.5784509643739486,-1.4356813251724827,0.9928183643035383,0.10317329601448721,-0.21996281179695168,-1.0676875001632102
0.5006982406872098,0.8472414580097468,-1.27312171369414,0.8274721168717609,-0.05056220304087583,-0.17592303921454536,-1.0999518331213822
0.6591837108425381,1.0170121001472134,-0.8063551148299366,0.47990710520832136,-0.34692080606729964,0.030483797415181098,-0.9578425096444764
0.7104627931828813,0.6232300240518797,-0.8491444213620329,0.21305258652305578,-0.3364507531378766,-0.1445995583032504,-0.7391929879574967
0.8151014146633279,-1.9026127795977488,-2.774050533812061,-3.6938910680371295,-0.9257592268742367,2.173579342303142,-0.6193880023607125
1.6547093506416077,-0.5824177731242782,-1.1200580776570215,-1.56931156416146,-0.8131011446519035,-0.8153067039991443,1.0043560308553754
1.6168601246128498,-0.10855931515700766,-1.37882095639222,-1.7136647372221452,-1.055848239891917,-0.6544204186525653,0.8910527877782969
1.1862262806455042,-1.1450032127269572,-0.6072645693752065,0.9158197587472012,0.46363386918544786,-0.09238456586936623,0.322005673194587
1.1528795013577413,-1.191950641596899,-0.8857335973115675,1.0674294576301993,0.46385229185143184,-0.00851892996469718,0.25467230391389156
0.8605819663999972,-0.835265502129127,-1.068910390420691,1.109595910000438,0.33901370524281077,-0.273373741090188,-0.11251861988209617
0.4287274699455948,-0.061249580824418795,-1.4958656120184515,1.2233320283488207,0.39693364269577047,-0.5465560060187044,-0.823155285451734
1.0931059513873123,0.32601961158352716,-0.6596060499447632,0.5527060104103532,-0.09601740359179939,0.20327307327354358,-0.2914917868375653
1.0531550605850681,0.3234914172353063,-0.7838164225950939,0.6340078204787257,-0.03830715510814534,0.15684257623975303,-0.32361465859537536
0.9834182277118413,0.4197567012287087,-0.7257619241993764,0.5550226391066599,0.04046049944982776,0.34962400602940075,-0.5699199609794257
0.7617143544112979,0.4047514942706792,-1.285609687233527,0.9191302111960487,0.2702910143033403,0.10963864510098714,-0.8802779911440748
0.7042643602113671,-0.5039189098488067,-1.2809332291072513,2.9798609759373873,0.6417630793152119,0.43912689023294466,-0.8529135970201883
0.7977148767422122,-1.6827914809779039,-2.8198677881834406,-3.3211372689997076,-0.9466161919204836,2.057659582610907,-0.6247879863510122
2.1500540291549712,-0.16493452620485677,-1.1243601520811541,0.6852121964836743,-1.2111376693849116,1.3351579779735903,0.6822722924529051
2.53483719296779,0.0974083461469744,-1.7780499856374017,1.1248193515580573,-1.04827397323091,0.8073369937098399,0.21721420875845238
2.4629741716056555,0.15163554240602678,-1.548971672571622,0.8921450345985513,-1.6210771691458228,0.9787251238231585,0.1579998107068339
2.5700256620671698,-0.3505938603028655,-1.525088953867083,1.0196449764579738,-1.4550426704365618,0.8313218546461851,0.42559506810437736
1.7981106784841527,-0.7358664374939434,-0.3802904941693682,0.5376873442799024,0.07218525729277679,0.9013361387905928,0.16277698807983035
1.7452366430123385,-0.7814478478913602,-0.5425452705531815,0.5880093225164436,0.0829637686091015,1.1909316534916128,-0.07990690688166885
1.7248675599624093,-0.7591945453249377,-0.7329954845711492,0.846300914434408,0.5158598909312985,0.4962331907708325,0.12325971306549412
1.4531818228662434,-0.40162831018510875,-1.0064306176155124,0.883864160788007,0.40926538632873244,0.6710327325260423,-0.2519509631453407
1.8107059403288939,0.09453504785145726,-0.5122614820280633,0.6828935382701447,0.8490548081795429,-0.07295174522291496,0.1044264950860778
1.9762275334399124,0.3024303361123234,-0.5813557965136253,0.697983597720759,0.8943355884703369,-0.0710591627329297,0.24572787831031334
1.6945136444992959,0.5135444089137003,-0.818994276228676,0.7509635214397637,0.4928158296752896,-0.13084240326504734,0.196081277808725
1.641288788625434,0.5646355770933953,-0.8542488555302877,0.72463350270892,0.5613923355899327,0.11277855505855261,-0.06957898047190622
2.241203922556399,-0.251554752092352,0.28237669564131485,0.2309444073118375,0.516416883098652,0.3639650893746825,0.7911495794994602
1.995446109600619,-0.18041929711897997,0.1457988307159232,0.23250466470214462,0.23116756159897672,0.48853647022677943,0.5543654245755076
1.0096527691435908,0.26437621030920305,-0.6259860364149965,0.5384238464842082,-0.022917081050846402,0.2451185668865516,-0.4432846402001213
1.040855904063894,0.251422258069154,-0.6162917669572162,0.5398726069706893,-0.0117450216168915,0.23717310367963576,-0.3993655008012748
1.0146795649804434,0.278098567119033,-0.5104941797110499,0.4867436657161448,0.008643229167017229,0.18611877743208216,-0.3730798895894056
1.0102757599238492,0.303184307453269,-0.5714318676275262,0.5275974216142701,0.0016479801821505475,0.136912560787179,-0.2837931601566318
1.122152911462247,-1.1960685449781645,-1.241915324884016,1.2634877598050351,0.5513224735047618,0.039197722429767635,0.059123180241325866
1.2223708727612097,-1.2967384969213176,-0.7607830890517223,0.9988302809271776,0.5004484931706158,0.1254970806017638,0.22470668927886361
1.0272300582662728,-0.3335746707761277,-0.7176356381800236,0.8034827694208889,0.11803054691599593,-0.1953885825195012,0.23113745977574063
1.158941953543966,-1.0350296553487097,-0.6180143610054204,0.9144766789629589,0.3977826634323846,-0.21439862671958806,0.3986811124534048
2.3044402765753236,0.931039049093457,-0.48927495299438983,0.519723395829086,0.7260770167836357,0.04222742846037997,0.6143505794887006
2.2154236847892634,0.47305507548432346,-0.019588918678669732,0.3101070038726238,0.8805733251690311,0.2792034631919098,0.41128892706878295
2.021413745932541,-0.29632606843416515,0.2633128015160684,0.2431680628750793,0.30631036314496995,0.21601445800700042,0.768141733909303
1.852118111899836,-0.009802049276696586,-0.3823320211410025,0.6317609142796097,0.8396350902639024,-0.0729330432018123,0.20653512590700246
1.5749959041989925,-0.024110640823902168,-1.9080568593371867,-2.299505053348144,-0.8050328738469864,-0.6055394202061317,0.5990486499546611
1.6267213968042973,0.11377607897544406,-1.2181855475741525,-1.2924249032100779,-0.8927685544342322,-0.47584645276023646,0.7080004995208101
1.4100858395503664,0.5182759670758875,-0.10987026567344381,-0.14661547461167074,-0.16741601573879306,0.056325841767008826,-0.15028300065260727
1.589213323687065,0.006332603189818157,-0.8638092534850292,-1.336443578674169,0.11511129891021739,-0.28519690505324546,0.08409300771868185
1.742797769306115,-0.6492016421444742,-0.20057865467796693,0.38952521720878375,0.060045964076938,1.0919482902548658,0.09547092549257391
1.8810183375563516,-0.9084848428898309,-0.30449285090365574,0.481420789133494,0.029322340434285037,1.18257681142987,0.1490067016935676
1.4951706094778021,-0.8050505748888805,-0.8672390399882154,0.8330131329004135,0.42670309808966156,0.9561467918014526,-0.33826301067770226
1.6111833303666783,-0.5556404015626712,-0.3848876026829727,0.5182228546274616,0.23081729357042854,0.889583678945118,0.007475077970322316
1.9872612438016464,-0.6243150578726848,-1.1794390422086263,0.8871237253232263,-0.6417809718054872,1.036461226241541,0.3937458542803341
1.703460297376588,-0.6722798700598719,-1.6602809197775763,1.1828744582271402,-0.679671182688924,0.8187994037616833,0.16199377363397757
1.684483727062166,-0.5792165390396676,-1.5319475521554158,1.1777089637650782,-0.10330011320418876,0.6011770601162337,-0.06485764983680976
2.1146587601161877,-0.7325908355525856,-0.7643060913041674,0.6469423983975585,-1.1409138909087373,0.987064323092183,0.9348084983762743
0.5204929068445187,0.7038092448235558,-1.5360326506902666,0.9838138685632577,0.14194303218113014,0.07500385362962057,-1.1404273484922638
0.4501154833772075,0.5497503260175487,-1.678153798552664,1.1285873081067983,0.27446394105641264,-0.09504720590791821,-1.1611255368617088
0.7074024176605245,0.6828313920856712,-1.2854914682822833,0.8590619119526061,0.12796601425715062,0.06997173854070018,-0.8684220915253905
0.6809115631338903,0.667217666270032,-1.4139458694760516,0.938558020342529,0.19390269010162575,0.0682770379315825,-0.9511606679678091
1.3596850334501398,0.28742172146606754,-0.7555395876661325,0.727811692717937,0.48988015727560724,-0.09668829141533103,-0.2573964770015166
1.328731356822991,0.30136143902572743,-0.498282817430823,0.5209076463043988,0.39172283203557146,-0.131152926169229,-0.21516307088419717
0.8740170553123493,0.5200945006525683,-1.6409183079487457,1.1758702935184255,0.2617425986259223,-0.35426939741059055,-0.6952266641921205
1.4870765082973492,0.7583893234511104,-1.1163943080169894,0.8661777611842547,0.5499645275496199,-0.14168846628019488,-0.19995934532345408
1.9596359003592807,0.34875131368315365,-0.8733662399729274,-1.630571723594121,0.5191398996004496,-0.47937093731331026,0.4500197507252167
2.12371624325757,0.10946039051006737,-0.621129545269533,-1.8807501948315601,0.211170283530696,-0.5258474344031285,0.8191980932416075
1.0750344632455209,0.5475466448335105,-0.28292605956347583,0.23358359435994974,-0.5073081026779397,0.15530953899258457,-0.3200340715883209
0.8080059061770428,0.40618421231974694,-1.5567705883465295,1.109218744264426,0.227377386095949,-0.3489162146550702,-0.7645091052591174
2.036150608101956,0.45693629770034844,-0.24055904112592819,-0.550861463182204,-0.1522598068498788,0.004096851250179296,0.7039635067912337
2.242480295238266,0.45778105395815194,-1.062784639465762,-1.822650505586744,0.26076379318321447,-0.323362486013211,0.7511161390241913
1.3924897512001089,0.4651243318274808,-0.8528097984140027,-1.0358402958341304,-0.6973849300857631,-0.16863073073676174,0.1630704584752168
1.9114905567017468,0.28843035204410183,-0.13809259459723325,-1.4085940145979892,0.14720992055436283,-0.2918158139692124,0.5042346408838857
-0.3023192254206617,-2.2092914654265012,0.5406689131500793,0.16341173866468567,-1.3091462404708616,0.20502894345194606,-0.18632172377678974
-0.24202655435930123,-2.354914136696639,0.745821686653605,0.09697816416643122,-1.0166860437033738,0.20118770129290328,-0.47422256863350987
2.2344321063759165,1.6779385454533,1.1663000559814845,-0.561679674513027,-0.4712686313853539,-0.852503011531954,-0.49491747358338145
2.193311520154789,1.4037450472265276,0.803384306046201,-0.4136911517902078,-1.5088781136077907,-0.8848873593560972,-0.5820222185302473
1.1332807240861764,-1.362774099390409,1.1998329499418892,-0.019376766215630708,1.0022004601177537,-0.18502688024494246,-0.09538657343207306
-0.23098303287457264,-2.379683954893625,0.5960558707483748,0.15711848887946397,-1.2742536746446436,0.23179176338680704,-0.38158437484641394
0.4591791809294999,-1.5129270266142747,0.5582454170083786,0.1481157882383584,-0.5871898108975302,0.122652521517454,0.17571051153436254
0.4562031123279794,-1.6703439618841518,0.49446599036583117,0.18858882903520724,-0.8948357676210288,0.04053626764100699,0.0833624451767449
0.31152271805026643,-1.285470291173274,0.7487538149736374,-0.03907199814715266,-1.3752491876827877,-0.3428580751995017,-0.40743684929882346
1.0804556988013416,0.19251176268312895,0.6576110425750991,-0.3629008397944099,-2.160555102200265,0.030010641601377886,-1.1155647161974056
0.8484326702443439,-1.5144571301796685,1.2981358013505884,-0.07152745918547218,0.9357788082639734,-0.1548516267793118,-0.27157973347723896
0.6126554656660927,-1.7353676343655895,1.4219156591064643,-0.13253622031363602,0.8579499768779982,-0.10663206214132233,-0.5710673002182682
1.1758933794108195,0.18587070465112715,0.486802583059267,-0.2384895332364694,-2.208747459343931,-0.09294190137747578,-0.744278985787238
0.7725065476924753,-0.9582050562272005,1.1802950415284883,-0.1096577597405689,0.22032096387743497,-0.614162876498791,-0.0635332715819205
0.96731027245567,-0.5764849521120664,0.5962503361109082,0.06636313345156736,-1.1738423828741982,-0.9171899643757374,0.2998306798406247
2.193768982504895,-0.19955799270124067,1.0307307904097756,-0.1291074157322446,-0.6676088265924431,-1.1463511252935485,-0.6951443889532619
1.9644487020583918,1.00218006293443,1.3532935749681778,-0.5008584180791881,-0.161984098768264,-1.0102122105654783,-0.5812870105186687
1.4738968183461332,-0.44662568873468644,1.1331728404926766,-0.09919652623676568,0.9667469703749382,-0.39847853741096473,0.23397413717782828
1.0002937429358243,-1.4968740587730327,1.2900295219272415,-0.06278145688173649,0.9947605309109077,-0.144786996995926,-0.28904466207867613
0.9831587464704464,-1.4942483073750497,1.1877747386971806,-0.021789597523049042,0.8175543408422219,-0.14316098713044653,-0.19769836200959062
0.8380380829522156,-1.1439524747624141,1.1194194816261365,-0.06892403346792134,0.7630890244191219,-0.006041693023615872,-0.005012879398534339
0.8244482624369969,-1.4872536916653099,1.2821883984468043,-0.06763620933377254,0.9605882347662184,-0.12993388064376485,-0.20649858223321338
1.4258947745298285,0.32889089953103373,0.7751632880315116,-0.27307965376698623,-1.4323867339167953,-0.5072323778106207,-0.567761816814062
2.312544269876274,-0.055918580024030655,1.0055723047245642,-0.14756215443279416,0.31234581434590447,-0.3175221724966618,-0.4384383699616771
-0.46316552629540425,-2.3968437955221265,0.6621471079328345,0.11927825776213191,-1.2690020251799972,0.2228871803348728,-0.39699732035453106
-0.2616141614856733,-2.1314612948396485,0.5888317986508433,0.11423471135496575,-1.2562177255098683,0.2788686277419969,-0.3008914582431923
2.403379231102714,1.755691061859486,0.9779238086332581,-0.4786203771972532,-0.7352829153253979,-0.9081796438935604,-0.334458687022137
2.366852110786336,1.503308707636723,0.6785769383668715,-0.3553369399271943,-1.616094922451402,-0.9349275390009195,-0.43293470815253615
1.2060500261037632,-1.3184239381126293,1.2588133798969312,-0.04033871930273988,1.1697017085127204,-0.19521085377687192,-0.11080553672302737
0.9908611793005561,-1.4760540177455297,1.2515877019569677,-0.047582817783546234,0.9508143316001142,-0.14558256167173728,-0.2276836262955932
0.3458154063089827,-1.5813772321267867,0.5492087300077633,0.1470207899726381,-0.7056618674993591,0.13636824852617735,0.13378044397151012
0.2400940700692838,-1.690319056114581,0.5037431023681804,0.17422868353240364,-0.927542809786975,0.07519795713589843,0.1325593176797428
0.21741858810526038,-0.8589951074013391,0.7227826309899852,-0.14122387926928784,-1.877683641613952,-0.47006910441293687,-0.48780655873955386
0.828018791687471,-0.016788737332645846,0.6180489764715775,-0.3069839646557736,-2.355102207628024,-0.109562378292955,-0.9945617899108659
0.8730045622546082,-1.5182848004282177,1.306487505206703,-0.07374934228870257,0.9492540842125118,-0.15770941871981442,-0.2924723904628243
1.001698334903443,-1.4351679056361177,1.2247783946738322,-0.035557203944333204,0.9413935944320444,-0.16274267973386422,-0.16085832483179696
1.428330268934306,0.39517212980459837,0.5263646276936431,-0.2944066724062648,-2.0142006180372234,0.04663164116910168,-0.865282191683727
2.122625407401188,0.9396808652463224,1.199073314399891,-0.45191481528256583,-0.07255693003551293,-0.5665051552803235,-0.6000990582101822
2.426058718590319,0.1388830125246474,0.8019171523587632,0.04305519481490648,-0.2796298391710524,-1.3467172955351983,0.2487723333101702
2.695185563822587,0.3143662357438402,0.7116318644176483,-0.032346261644807014,-0.8211946885693174,-1.132274218177976,-0.26671727568803816
1.9434809150346422,1.091072430403847,1.4006374991641801,-0.5372235511335651,-0.14893348163079556,-1.0553412133372952,-0.6045959759514721
2.213242678316655,0.8164907198566299,1.2078071443397271,-0.4001552845090729,0.08075284527391606,-0.6599808641395913,-0.5158403921773612
0.9275243786312483,-1.5412241181652686,1.23104907673469,-0.04181949468882268,0.8272592573540503,-0.13460313357256048,-0.2736255653599834
0.9318965164806613,-1.528082180612655,1.1578312073736614,-0.01181223320939757,0.7176290399705894,-0.13480576042074793,-0.1991760783253715
0.7979041394201043,-1.2488469605963952,1.2020596537493664,-0.0888565747921529,0.8613098635629667,-0.019715379536303625,-0.10424742402385309
0.18922946036837934,-1.96822142447118,0.8392028636427252,0.08015036846001755,-0.37879033838324006,0.07509629153729207,-0.21704328621518268
2.292996417326434,0.40920925096991906,1.0152470989366498,-0.2329105907492496,0.0908549634346168,-0.49532558644180397,-0.3676675558767189
2.1057718779174084,0.9227282276399381,1.1835630623459403,-0.399758907433958,-0.166971190764392,-0.8802402371012779,-0.4134260045903621
-0.2590554515412643,-2.2724272240748244,0.5664285999964829,0.15951914508991716,-1.2533310612169846,0.23504418270418423,-0.2527861311442627
0.0028344680150181674,-1.9022070599633452,0.3276127278075082,0.24711127479830877,-1.3589655263915417,0.1764210520685952,0.17698823490548993
0.5895012636531345,-1.611301408523202,1.3583756959021518,-0.10988017628666874,0.9199741180950721,-0.08363774427284779,-0.33959455143869693
0.015949540251067842,-1.9749714839822756,0.5519455381201548,0.1426446427738838,-1.082191552255539,0.23874700935500046,-0.164917983062238
2.127271397274463,1.3415575158312496,1.2684645925448557,-0.5283227406678946,-0.3224568789497174,-0.9865231343439577,-0.5396955501689515
2.456174931144741,0.9136973743052863,0.9382748210452727,-0.28672400993182695,-0.1625801518659693,-0.5849094463007469,-0.29369412210758944
2.1239463719499194,1.531416789275636,0.9177279181292409,-0.46595346747474253,-1.1032574453053647,-0.828940077743842,-0.45644694342471515
2.374926187516525,0.18176463044928254,0.7847999245411722,-0.04819288928011968,-0.9267000877751543,-1.2792061134794979,-0.263055782405603
1.0688747208711082,-1.4258206097558548,1.2492686013541556,-0.04264242150912805,1.0088053766693574,-0.1677063335565054,-0.1919317920213291
0.9894096646212981,-1.464721731473757,1.1968024826133208,-0.024565943155767996,0.8559639579716516,-0.15920619490670734,-0.17274685920926697
0.6791561621600462,-1.5601743505126984,1.2346488389151606,-0.05654002526688348,0.8011220411559827,-0.07601904048427918,-0.20005199202229898
0.41731788578256307,-1.781671958409894,1.1094444424747343,-0.017783163022255553,0.30024367178719125,-0.010825851487568837,-0.2874611441702806
0.5069347932165758,-1.5726325740090836,1.0416488613192139,-0.01833233613830071,0.2810050833103799,0.02637366065671755,-0.171138856109379
0.3121829641028675,-1.4948462007790058,0.46210169663371004,0.17046802355989182,-0.948230528794783,0.045052851245810564,0.24118640890341977
0.5044532158072742,-1.8021308257103013,0.6145703689180338,0.1743751294722192,-0.6572138074077999,-0.00904973549366491,-0.0191110987944948
0.39651283014906274,-1.8777146282201433,0.6066803365950068,0.178703934526408,-0.7357417956054079,0.008104757336854364,-0.040967080827229954
0.12672355691235493,-0.6611140036386641,0.8569576887171749,-0.21376148148115326,-1.8611941779460788,-0.7395562671311531,-0.4748930416999211
0.6206050597268933,0.011424828286538395,0.7145120626522126,-0.2730395026831405,-1.3944078999433052,-0.13150599787332756,-0.310998781982839
1.7137704361004023,0.3498663336702094,0.6696273935883232,-0.2130511876321257,-1.3007158833501886,-0.3645318527601329,-0.4954256471450781
1.2978523888672318,0.21855567043927826,0.7746944154612533,-0.3103774885230396,-1.6045465908510774,-0.30974227082737343,-0.8039232386259341
0.773690368555707,-1.5992927174809934,1.2090155754295413,-0.03983376907796943,0.6971056536385706,-0.11208629613525806,-0.2749863988266714
0.9411728703369449,-1.4755782512290692,1.2112568847026473,-0.032334596039591317,0.8543753780396631,-0.1592537714270704,-0.1827006705195828
0.849261299395685,-1.5890077166148127,1.2732490110374572,-0.06260783403413171,0.8329978407622898,-0.12101206748848303,-0.3406020658051693
0.6046117160728744,-1.7220821737606962,1.073056353046926,0.006738852804681131,0.29044500658779926,-0.0755928420325359,-0.26660016481251675
1.4067662472294398,0.32786117955333643,0.6558037559584055,-0.2811985202762526,-1.7285240942239068,-0.24013845250467056,-0.7141889008178975
1.5303623918922835,0.2565105271192985,0.6914938455301617,-0.2530638990399764,-1.4466816589767781,-0.236621831223877,-0.6717177482200322
1.03140755003839,-0.772890605964854,1.0579879873344604,-0.07940318109936385,0.3315604236424248,-0.4189995961706323,0.06410292983196253
0.8192329761678863,-1.2198909288686313,1.29921086602384,-0.13445693539097758,0.6182812550073962,-0.3363050433618776,-0.2998496942747246
1.2343315977127445,0.9887794963083806,1.1702428710504806,-0.5031474112201442,-0.4821716616044708,-0.7430406488528035,-0.224901356635068
1.5859076884062955,-0.0488135819930917,0.9919998946501204,-0.13567438036934149,-0.7394799186236289,-1.2225318635531321,-0.17783348938553978
2.122768590212471,0.28381331639295515,0.9311149430948588,-0.23046049357771936,-0.7441554315456734,-0.7233729534710802,-0.642261403780772
2.2387036842403214,0.6198437472342511,0.8812279745043375,-0.3242461821276724,-0.9728820316015515,-0.48607089561466577,-0.8601534629702062
1.7012487663363063,0.7499887804725879,1.130336789769684,-0.41715899021464803,-0.720155941694211,-0.854637272955811,-0.571476215855374
2.155060771777055,0.6772839924743157,1.1326196845280496,-0.3571814991134812,-0.044717291703621646,-0.5867311671450295,-0.514389975378872
1.2092663671422839,-0.7769531347425517,1.1066037506252724,-0.08738021096984751,0.6916807519671798,-0.26606225972983505,0.04680066405830004
1.3366962803409232,-0.8423545814582474,1.2474414160271088,-0.13244407209808592,1.1552897192749616,-0.09023002945334116,-0.11270317480203816
0.8860262579340077,-1.5639059372928745,1.20529843808301,-0.03297563771622365,0.7463318822727453,-0.13116983085484213,-0.26840630965869594
0.9893625160031541,-1.4966634264210181,1.1972790185627376,-0.025623108602480932,0.8365485731125254,-0.13929504318796135,-0.20932913073188192
0.9629614692470623,-1.5005260483967442,1.1993520848580983,-0.027421223242160984,0.8266666471915702,-0.140813242368305,-0.20782360020176976
1.1579141845718806,-1.3470627020101416,1.2858726631568433,-0.053148163621736445,1.1685009386329568,-0.194466248228808,-0.15433520315138335
0.23037216809278602,-1.9063931922258905,1.01622489026962,0.002910937714610186,-0.055308438501537445,0.058018034209937785,-0.34310993408634094
0.6328295544766677,-1.4887207485926364,1.0200920433464085,0.009888624570587519,0.4027367102161906,-0.042352920649015434,-0.029111807904505228
0.8088948216234099,-1.4660783415448615,1.2740449466427375,-0.06456420243009398,0.9591071392189343,-0.1396829540557279,-0.16968870646003228
0.25142083668373305,-1.8697735655374708,0.7862352003123789,0.07588791817067901,-0.5703925726668572,0.053903198627515116,-0.24817954635503303
1.2512057017594194,0.05130061071285486,0.6620637645913645,-0.2367331578733019,-1.8657730553437624,-0.3579298899300345,-0.7548651718885904
1.3023951033334515,0.3152142868065702,0.846365257377165,-0.36576170721456097,-1.4925334066201643,-0.2621719127607321,-0.8787569117935584
1.7394150630708856,-0.06958638644828428,0.7815849453681247,-0.18348072098106413,-0.9111305045563376,-0.23194038668846434,-0.6549411020881625
2.2474372670156786,0.3824931782004326,1.0466700253742665,-0.27977794051661375,0.10681783784056018,-0.29435174339393466,-0.550024525221784
-0.5267386836437891,-2.4598851029664233,0.7155549557720602,0.09664050190618095,-1.2496916809441212,0.23188425468691046,-0.4875929629890219
-0.4494710688136338,-2.416086405392182,0.6765146129380695,0.10846139224728385,-1.2634797528300228,0.2535658474651222,-0.45248405139762515
2.451198759717934,1.0954035039441719,0.8101495305936426,-0.37335315499948735,-1.1829475631478306,-0.5601953007939233,-0.811926478917153
2.4431224299214933,1.1263679045941664,0.6937197559034937,-0.3366408770541534,-1.6590069128972864,-0.7388726648749461,-0.8092268841605104
1.2556549698619512,-1.2760579608675233,1.2762424162258692,-0.04502535359147932,1.2526483624194127,-0.20909741127776094,-0.08918260577927287
1.148598380809968,-1.3633491567750322,1.196193354857021,-0.017676351699827272,1.0065184845180604,-0.17777672089496982,-0.0960200516390927
0.26470643123500726,-1.573178337825338,0.356101917394691,0.20042755300276718,-1.1347127407017445,0.20110763172755522,0.21944810095650993
0.2214190251718956,-1.592968174323899,0.3534057410305105,0.20202979994753353,-1.223125103532164,0.14855659931499612,0.21294082561617525
0.48443370031078814,-0.2978524495341741,0.6746876323674065,-0.15517236783840202,-1.8846449071664393,-0.7662944306219938,-0.17904630318313064
0.24289913980522077,-0.6942069537238983,0.6723907121138002,-0.14684988648988698,-1.993748358563295,-0.5011228272402752,-0.41918009386316685
0.8766000484225311,-1.5320131541866915,1.295157412419792,-0.06946462644885458,0.9240116698271332,-0.1469946373662498,-0.29950033406313914
0.9416284711924777,-1.4891418177080633,1.2736708347267982,-0.05823449283482166,0.9549133708986457,-0.15013226153185907,-0.2478242570650661
1.5926055536919925,0.5133862687563366,0.5179124841884508,-0.28560145488525107,-1.875985188200991,0.022990417114971483,-0.781185318443092
2.331331222003744,1.3209065664433681,0.9843810171105262,-0.4550416410192169,-0.4254875897258565,-0.3850630786501764,-0.5534719700592754
2.5958468501538103,-0.2961130719557234,0.632740752075635,0.19709848147188197,-0.7043679620712565,-1.4920877394898207,0.13238775433891858
2.803874612257198,-0.20908319811221523,0.686605053442871,0.13685638163401967,-0.7204353158449935,-1.4243654307491196,-0.14978275665786858
1.949459643386642,1.1305255108568781,1.415465166442086,-0.5512087470766744,-0.1256429273521483,-1.0499080921500368,-0.6142495107630269
2.0886956709180793,0.979665865167221,1.323151811928868,-0.473031682156341,-0.005438031024486761,-0.9073665711626705,-0.542368484540464
0.877587487718313,-1.5632045085387745,1.2013453319599017,-0.031792059175239376,0.739545561151022,-0.12969280884631304,-0.2610239822939076
0.8761189722027485,-1.5631723584589008,1.1611033905720116,-0.0156033753425532,0.6728741865288004,-0.12614237768420708,-0.22723208973008327
0.6841707750706006,-1.5259662774952525,1.3110846772169396,-0.08624659013283893,0.9495561734369612,-0.10463261770936506,-0.22628593523898305
0.7114182130539524,-1.5175117027782197,1.2319848331590337,-0.05352454134775205,0.8414978531340778,-0.09330362484039552,-0.15730991063396216
1.9753352833240325,0.5162613833377966,0.8005856252063978,-0.23745689624636127,-0.7731919071651976,-0.45762324754147987,-0.39986372058301084
2.207872124408413,0.8296549094971917,1.0877440311577562,-0.3549979908334873,-0.0993097617049556,-0.6258113112913204,-0.4174986514215053
-0.31746575071926414,-2.244529122887184,0.5501040960452792,0.1659139811327571,-1.3031380771958527,0.19419032144463633,-0.1962127677194277
-0.2955879681729068,-2.2220595239425696,0.55081282896756,0.1607999939182724,-1.2916526363330663,0.2082759850712552,-0.2029488243136249
0.16610345317506686,-1.8373150229405901,0.8072833352956802,0.05336040328074639,-0.4884549236757431,0.13770500327470342,-0.23105218966318056
0.013461464862938472,-1.9641625528780222,0.520514163512956,0.1696373490487805,-1.1560701409411847,0.12598063931333764,-0.06920370421111063
2.2295805525121075,0.9169480420691671,1.0217324397765482,-0.26950182647542564,-0.47373270150276403,-1.2752444024122054,-0.0982050940612241
2.305148429058282,1.1468468125103706,0.7984111047012274,-0.370184788737171,-0.6852471392185416,-0.21160393006612374,-0.5102050236462786
2.3922347280071774,1.1150903002900183,0.6958378943543433,-0.30810598867327726,-1.3169994478502587,-0.645851389286775,-0.5643247383176148
2.2690869133566878,1.4161514582693167,0.7727963208995321,-0.398059116872953,-1.5655334778162004,-0.913618369465201,-0.5840615845199043
1.1014514294899795,-1.393211369366823,1.2260249430326946,-0.03155501099961216,1.008626463129439,-0.1772683185794033,-0.14380138675513057
1.1384165189861137,-1.363672261363663,1.2363555285647887,-0.03408533711658523,1.065752402754368,-0.1851314892512598,-0.12747801695416808
0.38867319874594675,-1.8060926949495621,0.6061791664652272,0.1800907443613903,-0.5584076123527945,0.0637696378492162,0.09699856765796516
0.1249436141130086,-1.9361131409570684,0.6906091309549308,0.11042675093814261,-0.728077588029224,0.1498341193788738,-0.1783656725701118
0.3182885479736437,-1.6290657896902883,0.5447725544101047,0.15354207340064338,-0.7650434796648379,0.11274987461948938,0.11785667065507109
0.18765329314040624,-1.7809509407904374,0.6286680674673355,0.10847937362448508,-0.7729474117455652,0.2056763860175543,-0.10696525656367763
0.431253455690247,-1.800535598164305,0.6465014283818017,0.15919533203565892,-0.6344792700779823,-0.024050025886786515,-0.02288628171047823
0.32748348999815846,-1.9300558512069812,0.6637377253834391,0.15229071566211883,-0.7080552500688916,0.021078509634972094,-0.12916348945800182
0.40787311452570535,-0.7699634830380571,0.7879284336845381,-0.13632425183000238,-1.3520344049375097,-0.4117838894506247,-0.33808225205091613
0.6234586908341239,-1.1911976945017024,0.965208352832941,-0.036415143398295734,-0.5325014968230195,-0.5925040451081551,-0.1977544332088058
1.1877000189276588,0.028681915523341758,0.625404561325296,-0.24571338648764207,-2.0170970191886584,-0.2637402820453121,-0.8315719766094465
1.7806133335057541,0.4906099210582898,1.0670364369861058,-0.39014204898102917,-0.6145313312162327,-0.41653759775399923,-0.7841657778041193
0.8551629905534278,-1.5134355114955365,1.3032975604155541,-0.07344227100884301,0.9490376348845657,-0.15364586768013228,-0.2761909920405064
0.8695574134903622,-1.516634616194389,1.3081959676551198,-0.07478475720464223,0.9565577048491721,-0.15450090772750075,-0.28944788978861036
0.8214478754605381,-1.5734301707064817,1.2872371548462551,-0.06870281125077553,0.8538490500926231,-0.13653574665581877,-0.32670010510562936
0.6768215104134698,-1.671875142471963,1.3353989601034606,-0.09490015288256802,0.8010116773223951,-0.11036735532139301,-0.4398725753314883
1.2584451920059088,0.2049012512764269,0.5331401752515134,-0.24095456878844485,-2.0389570480222425,-0.13578536397001256,-0.7230084500234106
1.2454890412579334,0.21887032192294792,0.5660025013906604,-0.26219481995911426,-2.047925491313046,-0.15996007252358915,-0.7674662456902062
0.8899386192046972,-0.8659120845970751,1.098487053689338,-0.09439352730547247,0.22875685414938912,-0.4759764219494773,-0.013915267506167442
0.7338718424574762,-1.130293105687305,1.2969039045312214,-0.1509872325621569,0.4401375875692139,-0.4635746565912266,-0.2762547871158255
0.9687230314806726,0.32292456976355893,0.7036352279724573,-0.2696591317569126,-1.2952334292181817,-0.3295163945524582,-0.18831822532465128
1.3542717482842603,-0.4044237888811779,0.7022724120795677,-0.009961416962559455,-1.3323370772555096,-0.9820160997352523,-0.15964410340601143
2.4356814055914584,0.6133964229984544,0.8149958048721153,-0.18166338187970626,-0.974029493175039,-1.0729626379300794,-0.4195037290995256
2.5016534393539027,1.0159919261293324,0.6967388186204614,-0.2534226318936786,-1.1910608993951157,-0.7730471062447677,-0.4640243211879634
1.8386847946641,0.9072545560544991,1.2654072627639572,-0.46904850861925607,-0.40490931229772553,-0.96460738059743,-0.5723632724007344
2.0265326575309275,0.8720128246692571,1.2626406702438089,-0.43953407104116676,-0.13903080540260435,-0.8736788886806183,-0.5382991288656647
1.3314705792221786,-0.6121006598637373,1.079558240308602,-0.08480857407345872,0.7373063740896555,-0.3049949616209896,0.14704549984424922
1.3744505463203642,-0.7305795168239294,1.2164186166809212,-0.127862845789047,1.1025521995240728,-0.15240648886329072,-0.03481468981968677
0.9989494269063488,-1.4905544116213698,1.2287775500885607,-0.037880298546642474,0.8965236966443318,-0.14426373329258804,-0.23111081348790644
1.1266484030586934,-1.3765380692157183,1.2055446997438406,-0.022300462134080108,1.0007181072346434,-0.17734085814232636,-0.11362733050106971
0.9742623891786606,-1.4994800961062322,1.1928315844528754,-0.02417346632852195,0.817385707800747,-0.1431441033512252,-0.20574525335392238
1.03855134145709,-1.4475228661766162,1.2323079717105325,-0.037132462416243066,0.9506152879193996,-0.16102602977134317,-0.19509925711534812
0.6289453901183146,-1.4431093202327718,1.1434797468215343,-0.05684810815925191,0.5893489701388226,-0.012732262586464553,-0.15620064133124362
0.7715551077658007,-1.2814406838670114,1.1063238923707654,-0.04116717554396511,0.6858937547824716,-0.04643092101290835,-0.010224570053056057
0.7328473852092804,-1.5417534580340702,1.338891483791568,-0.09453107521554142,0.9741428894302404,-0.1216965974018844,-0.29129309021217487
0.7447078088168559,-1.5411293375176716,1.225372139379066,-0.04896391891923371,0.8040565493337969,-0.09863416622242399,-0.19638541935092546
1.3677612139138564,0.2156633246154987,0.7550795643952178,-0.2665720562256375,-1.5378998564779056,-0.43879417477194,-0.6572581451662595
1.365775881621211,0.2802238520907232,0.8191663648440497,-0.30880408587694036,-1.430086132083789,-0.41184713755260405,-0.7098124100358051
2.2853770500993296,0.10839472616159444,1.028527978215772,-0.1864404571243345,0.2246602908156423,-0.412196081076945,-0.42810876386887436
2.2836050701034307,0.26017898540164947,1.0205512190397779,-0.24801839098296993,0.1765070950937649,-0.20314987656270847,-0.55614812301151
-0.20955538391598322,-2.153574846640115,0.5032844860177301,0.18910333510310026,-1.263591794469383,0.17704414441523147,-0.08506422382494658
-0.13162042918026637,-2.040654412187471,0.39878926480612154,0.22194161986623884,-1.3650951233087945,0.18616485388621845,0.04603848032361612
-0.340980776682046,-2.328754185413959,0.6499249513622228,0.1296619950009883,-1.1955144128042128,0.19999566068921576,-0.3434412042160504
-0.3122884545172352,-2.210719377754229,0.5614873907654409,0.15031382562905948,-1.2982978904064908,0.21383969331250635,-0.2246816359433286
2.447243305759934,1.210370069670512,0.9166014168036081,-0.3071451949842105,-0.5697039618125512,-1.009704566872108,-0.1789982684698942
2.365033294026694,1.564716055603747,1.0845362539901489,-0.4627648988737158,-0.4806218013497587,-1.0162155981584702,-0.319751801395327
2.5208724652018564,1.3025040502584075,0.678822694045751,-0.31772622869678546,-1.271409649442025,-0.6728149206239225,-0.4918638992698929
2.2968838039989556,1.469561107172557,0.7133348893653276,-0.3730883215529462,-1.5875169737482682,-0.9085239674752759,-0.47230071487787834
1.1405059207364896,-1.3584479926653283,1.2043568453200606,-0.02090932604955419,1.0163615682162064,-0.18609857523048343,-0.0959772078763242
1.1028931124545645,-1.3993394281526608,1.24318209646714,-0.03867358535994865,1.0348826576110814,-0.1734822298413481,-0.1649333046400985
0.9111360175056099,-1.5379637461527358,1.3166799249603256,-0.0773476109802206,0.972590302032086,-0.1375941649015299,-0.333106401771739
0.9941754637277297,-1.4504700008114046,1.237124035395084,-0.04095221899679897,0.9446527625499008,-0.15967642182412312,-0.1876397559419024
0.35837815490580804,-1.4813587298979234,0.49806141607747756,0.16051198460514893,-0.8242475752208445,0.05413513497129441,0.23207398631329143
0.3301062948460233,-1.5867802431565474,0.5529656688932815,0.14348779410733561,-0.7304298756189779,0.12740844264976758,0.1210347354369584
0.1260157300290262,-1.6618362574321077,0.3643848876517933,0.19164252127830772,-1.3052489300920984,0.17051388993263697,0.14161651545626863
0.2530422174482094,-1.6557887855708402,0.5155294764594569,0.16356626352139045,-0.9005461173041784,0.08095005231538072,0.12636468491492214
0.47713406778853845,-0.912497074541801,0.5923277848720012,0.0011560100615941496,-1.7512206412909235,-0.6542140965934359,-0.1421137064785398
0.7706039365425938,-0.5391122165305892,0.6010665921314227,-0.017736292179431064,-1.4081395297043318,-0.6745631907423495,0.07245413738819853
1.0037481130105215,0.040801057137478114,0.535329457793224,-0.26185735253517295,-2.301317505961931,-0.0710547227297529,-0.8832178914397723
1.0873463092939504,0.12617838086345792,0.5510700743243112,-0.2635626024721419,-2.1844427605615233,-0.11220058271474498,-0.8182921641719768
0.9063628841208359,-1.5127305607108408,1.302929668118422,-0.0711874515831715,0.9624924277629197,-0.15424977194325845,-0.2922290662467738
0.7045079696194545,-1.6625578330042858,1.403984691204668,-0.12106877801680212,0.9247726168602565,-0.12486776402511894,-0.4960797057654338
0.9150548434380869,-1.507439818939772,1.2989513218449984,-0.06949683734931726,0.9688078500350494,-0.14999623321890385,-0.2835182501375584
0.9034478953669981,-1.5188262413806257,1.3056822966404589,-0.07283464371999468,0.9668086166561102,-0.14625068199231245,-0.2990103511477086
1.3339263700623263,0.3331367765450067,0.5092066897693619,-0.28809325535537633,-2.1290857962978404,0.04163198551043075,-0.8782362551767233
2.024664583530541,0.6613176582819426,1.0663950347460704,-0.39125486477203564,-0.3781129414072917,-0.3816816933821253,-0.7122524641772437
2.134175823463804,0.8061965283918009,1.18637669213982,-0.4053171233997209,-0.04344573690261816,-0.63658670091955,-0.5456528222360812
1.824158384529611,0.5968386965375826,0.8641802093004086,-0.3227912818424251,-0.9177750574326093,-0.39452431699708945,-0.5872468773128153
2.244087895101148,1.0037824611495731,1.018922828505,-0.3723265806803865,-0.4187385212212498,-0.6893268982123525,-0.44779481561580536
1.488787045898434,-0.1303576688142418,0.6411641802316616,-0.10781782296841873,-1.6248072312327202,-0.663576747433863,-0.4897639174677033
2.629537396770884,1.2899838426083985,0.7178312391273856,-0.31422976003162595,-1.1094694113740011,-0.6944494352014219,-0.5026705925087188
2.6282572054709394,0.315345977913458,0.6883324202943122,-0.050165139155991564,-0.9031564776139651,-1.0039687256420085,-0.3347899425121549
2.1021201509656313,0.9641877010711669,1.2434474830037672,-0.47146693811374096,-0.05687506173946798,-0.6335055851256104,-0.617519047850361
2.0339034235652735,1.0362753477400446,1.2787472868995997,-0.46204574050995734,-0.18243467162724922,-1.0044991336913038,-0.4703491177719305
2.1541218416297627,0.8371583556921193,1.1860524720697276,-0.40496847278580966,-0.025317708791716152,-0.6550805709574274,-0.5179133253522558
2.2337008923949964,0.7845096223053323,1.1229901322917546,-0.3514204027137574,0.001114869691952025,-0.6558109373860257,-0.41987108657767064
0.9342782378687269,-1.5376551937003904,1.2275725055923536,-0.04018649542063633,0.8280713184332582,-0.13405367043035696,-0.2681622901539117
0.9719115708774142,-1.5036416298928583,1.2548684406604282,-0.04929228559567644,0.9139495972428048,-0.14842976631035565,-0.2617283241098879
0.9362005568673712,-1.5259089580001668,1.1566044745462396,-0.011155498066327417,0.719396725380175,-0.1347960651220184,-0.19672842888775655
0.96825890713876,-1.497109610914441,1.1902854234359999,-0.0231634879949398,0.8102500655558447,-0.1472284709942975,-0.19986403444083675
0.787184941614304,-1.365904487305337,1.2154898664256373,-0.061546755731578355,0.8967006693784193,-0.08818786922297987,-0.08356254372859818
0.7049672726816963,-1.4009400339903755,1.2243696920345948,-0.09536095947639982,0.7808642693662715,0.01832435905580988,-0.22918199621234125
-0.05166161135400762,-2.1825513679019264,0.692989628355308,0.1274677280925943,-0.8872433784146965,0.1545890524845202,-0.2804921433385703
-0.029678442527902783,-2.164701323635301,0.6466703292588857,0.14725164802332885,-0.9412603012063633,0.1526448353871754,-0.22765903554315428
2.2626251337934704,0.31451227848508295,1.033049575218156,-0.24287367564371518,0.12409833661304893,-0.38005320154802047,-0.4736062317559321
2.328652256331668,0.41735964093623823,0.9816556494493762,-0.2383454267264381,0.09847871310567892,-0.33385427490797565,-0.421094305054038
1.954725350337201,0.9812604686929484,1.3440695577058532,-0.4905351301608745,-0.17009661143566476,-1.0211712149257375,-0.5621536010268111
1.9619320022289106,1.0272581169878885,1.3380020904211618,-0.502064729974685,-0.16876604566302383,-0.9734290485420442,-0.5740196295669618
-0.2864707912305277,-2.2290412151742975,0.5460197172285989,0.16615657757134447,-1.293570994502834,0.20052070918058068,-0.1957791305843871
-0.35502678550878847,-2.3695139414488966,0.6002278445869506,0.14707937015484712,-1.29476470140422,0.2432377198252983,-0.3398612016422886
-0.2896670667193391,-2.179817187138383,0.5392054755921271,0.14970564262792782,-1.324323634890785,0.25192711781731975,-0.22828532920626346
-0.18449248913368696,-2.1855895155737106,0.5159792985576872,0.17635063789650623,-1.2665646690098349,0.2307183107758327,-0.16693549553460357
0.5792770280197164,-1.5662500861991244,1.2050166970273548,-0.06004477168007799,0.6520696487499168,-0.054777769584284326,-0.219401966061778
0.612162666485465,-1.4986392486904652,1.3219443714834502,-0.11174753090938994,0.8852220576523726,-0.0723308652255557,-0.2804274516369604
-0.1252079132708928,-2.193721496001969,0.5079687557816792,0.17089692497067666,-1.3176236203617477,0.2658321963976764,-0.2536906897156512
-0.07379412855049873,-2.131371455039131,0.6339559921309998,0.12672958966403172,-1.0331371782856793,0.21526670824495503,-0.28224685404026695
2.2402337840374074,0.6204349117857059,1.1513753128068405,-0.22090774645477762,-0.17048907275918743,-1.5175970850110145,-0.06174218019525919
2.2904245602052273,1.0129979692598625,1.0960577456975953,-0.3924655706679369,-0.252716058494104,-0.7389332251456726,-0.47379255843230406
2.3693246230755,0.7337661479153013,0.8728111449410778,-0.2158096017533831,-0.35111599856912007,-0.7305244349263058,-0.1982644862628625
2.222538070177223,0.9784332381707224,0.9698427335056107,-0.41357009476303336,-0.45389366495394945,-0.2524845880530066,-0.6775535998676683
2.197734061124271,1.5786147681791511,0.9208196657761845,-0.4646996282364572,-1.04292599511726,-0.8455460522564645,-0.4318911351095471
1.8863717111938132,0.6892559455126973,1.1044852871252733,-0.36262749004559575,-0.9173134157360257,-1.1606992222819055,-0.5959531953436198
2.5605509655152923,0.28619597446943174,0.7417827717425982,-0.028986232990510438,-0.8480657971452904,-1.2686758079593778,-0.1852430565051529
2.4800358379189924,0.22730403895839799,0.7234200230738691,-0.030848372752416087,-0.9100868898066182,-1.1773570352695248,-0.23344693141026057
1.0106163121966005,-1.481589490503292,1.2783528910814956,-0.057340269332923806,0.9897965434113316,-0.1514649079424078,-0.2649195363392233
1.0355801971858423,-1.4612279878464847,1.2588781954352337,-0.048347060074837425,0.9848612604239169,-0.15488550846717145,-0.23162665475483493
0.9866360901065018,-1.4872775402018557,1.1901666319006259,-0.022631168656457142,0.8304233641204615,-0.14413053803213086,-0.19177400430793534
0.9733490255116545,-1.4819099027197544,1.1936787455652296,-0.02408715357990972,0.8298012652522797,-0.15403289629361355,-0.18617377188699255
0.6765644321324688,-1.559028488511931,1.2575401872614909,-0.06588457678110445,0.839351969758593,-0.07827116482653615,-0.21665204966662582
0.6674099893139354,-1.521658160066564,1.1026538367154926,-0.008123784472330774,0.5802353411726365,-0.075145395921701,-0.07261860203027826
0.6356549151294544,-1.583258169343008,1.323285985090248,-0.09332456178194269,0.8965432412629102,-0.09382480005834343,-0.29283660240159737
0.5588166806160934,-1.6505748459909257,1.2633834557225039,-0.07290667000408567,0.7141983525504774,-0.06691612067282163,-0.30058865205543367
0.5160483896558333,-1.6355919289697012,1.0498746608948368,0.0005521524718612977,0.3220625662612876,-0.021376142804983372,-0.14533769887882636
0.6910382285509397,-1.4985361257868426,1.2097332495362807,-0.0497318760671027,0.7874872193993345,-0.092856908599944,-0.13700341672313476
0.3000421063987017,-1.5810186926482321,0.46217413926720546,0.17820306754277734,-0.9494263438716811,0.08346497977610882,0.19805575363894135
0.23840244814803593,-1.5452448559248861,0.3853674607738096,0.19528375794566427,-1.1548178141300027,0.07389321624647704,0.25215041471494254
0.536785025764399,-1.788355094929042,0.6569334435331364,0.16271007701338608,-0.5443221162920205,-0.023566650912930975,-0.027173777144519268
0.47497857262312027,-1.712048663548135,0.5192538037772368,0.1892742611391577,-0.8511324356609055,0.01996923874594037,0.055306987061362355
0.3944113473535072,-1.8876263800232673,0.8825746634816399,0.06917629235689027,-0.275431159566125,-0.012503445702465525,-0.26939856570404824
0.48669637936604454,-1.8152111419168029,0.9442953278602196,0.04840111412415449,-0.06677676919118335,-0.028028349350891348,-0.2596902939817339
0.38313175511023495,0.04267582339909384,0.8924269136438887,-0.39213857638334443,-1.7708257858128127,-0.439749750134746,-0.6409192617127962
0.07272217907766693,-0.5003120889565063,0.8340467951439934,-0.2467759932879555,-2.0623770419988148,-0.7770573308919302,-0.4882383823466519
0.3660765329571815,-0.4168751761407514,0.7143500753857379,-0.21422162769717001,-1.6804464329995723,-0.2897192142393591,-0.39543211362043285
0.4279182214595585,-0.4724176003517822,0.7081703293797231,-0.16159223975690806,-1.5885712007948762,-0.4442325817899612,-0.2596347413835569
1.7325159582825245,0.30591240878249415,0.666295712398676,-0.19342503925377885,-1.267738765872767,-0.3972713109052577,-0.4624790387721443
1.6639918842650352,0.37681485061226616,0.688600948889903,-0.24241541167548522,-1.3228400047908009,-0.3084086771950467,-0.5577771675553861
1.3063922525625309,0.24810928293291282,0.7050823637586732,-0.29724442925669226,-1.694510204127082,-0.22374026915529077,-0.7794759479049408
1.3378589799150193,0.2849097704286365,0.7209346632564086,-0.3019095527929098,-1.6681372213264618,-0.2728055877150018,-0.7644407886707907
0.7025804845588504,-1.6407727201922717,1.1581406373824474,-0.02266210522446802,0.5380602185375243,-0.10663468557448195,-0.26688974765724777
0.7792213606502573,-1.5912350176008712,1.2180323532296902,-0.04312299040302456,0.7201296095138913,-0.11632946897829578,-0.2746389025674197
0.9216207600213561,-1.5182819686278568,1.2367731673659828,-0.04429155673918281,0.8590561483530166,-0.13995070055504863,-0.2473223181497435
0.9662772682734879,-1.4647860177527383,1.2147246041771216,-0.03302205995758832,0.8841099903383995,-0.1558382928087904,-0.17833238369029142
0.8326288173032693,-1.6009038885606393,1.1816961181583343,-0.026364079027900254,0.6653474886453082,-0.11029283942722866,-0.27441645246408874
0.8732099347074936,-1.5780540331570605,1.2624345724394586,-0.057135709952571445,0.8313794401162685,-0.12407082311165804,-0.3263240365154154
0.7452227842157446,-1.6075494894267914,1.195052457913299,-0.03559481501053211,0.6447436909145206,-0.11780080635260991,-0.2694130781143441
0.5819668504303563,-1.7532251696931445,1.3166156916348435,-0.09190797032379114,0.6626354153874304,-0.08694514977229259,-0.4953545262567075
1.3724463774030888,0.3391525168440485,0.6910570962831954,-0.29972398677935097,-1.7044085754295462,-0.255624391505779,-0.7421682641754932
1.3265255917177816,0.300787359182672,0.7323544523510364,-0.31784604247888765,-1.6805616573305844,-0.24787474294851333,-0.8053357443762692
1.4213286865341352,0.19721382425031106,0.7374353970055112,-0.2800782339720644,-1.4816776819123314,-0.2227079191786207,-0.7640925114229173
1.3109630679778081,0.2488061334924615,0.8129703011207069,-0.36915511181390775,-1.5644967762915527,-0.09956627863488457,-1.0068344371886109
0.9301082774264368,-0.9210156301621689,1.074574887523893,-0.06379477690003574,0.262780696577621,-0.4832630282280217,0.03281226185365963
1.3131974431486741,-0.5917791306435812,1.197282536567518,-0.12539107708359284,0.8982665094259924,-0.39844649865258197,0.0870045665349706
0.9885270306866285,-0.9159488441895842,1.3232884092387007,-0.18157633890274294,0.7798922680513966,-0.3201043459679872,-0.24620967326274487
1.176041495359968,-0.8593182850199687,1.292445930462255,-0.15459307225779423,0.981536509735574,-0.2579615060269022,-0.1444413506256936
1.5972342331270497,0.4020192694616218,1.1288011271861615,-0.29509235178315435,-0.6403493882200831,-1.173327456843108,-0.30809719789895734
1.0754433132208396,0.9108102017990043,1.1548649431630744,-0.5028852770736407,-0.6149299438698276,-0.7166952108598454,-0.24996299514771095
1.2185119729769267,-0.1460859661980093,0.8971408520512346,-0.09568453769697371,-0.5138686541216441,-1.002596885346215,0.20842831608467968
1.217356419622991,0.24701571715888543,0.8463639179767808,-0.32379563328179073,-1.5446506652844472,-0.4928835880863703,-0.7230219189675009
2.1860378509942002,0.40523139552460624,0.9095491384115477,-0.2647317798679728,-0.8521691069226985,-0.6398933256072368,-0.7461121954317138
2.421313943088319,1.4960509433195996,0.828284866433764,-0.39698186215847514,-0.8579873814325627,-0.6552987084775093,-0.3681420102559837
2.394218582671399,1.1340656219367187,0.7557867999543568,-0.29959355819131733,-1.2182961904061924,-0.870060209983963,-0.4503683991099788
2.1955232957507547,0.5037800024577277,0.9521732566326787,-0.3287841079604755,-0.9343713314621515,-0.5818115612563652,-0.9281819328417807
1.8592518730059142,0.8965954846912505,1.2728854219435535,-0.4698644893164621,-0.37644373522384605,-0.953012484157779,-0.5905147417747508
1.6908187087058257,0.9123419271945306,1.2018568773745473,-0.4825066229287933,-0.735815105641962,-0.9186861886588819,-0.6379715708310664
2.1186644626116897,0.663963222882287,1.0789036398947787,-0.34085654827549,-0.17013398690429102,-0.5666741412354326,-0.4939325184223512
2.1613380056469023,0.668300178890694,1.1188461951306155,-0.3496557530917951,-0.04791740253416543,-0.5716155704135297,-0.5045557402672195
1.0016918067993832,-0.9778478850890412,1.2004271123369783,-0.12452972955348028,0.6209999822533862,-0.25910728954895546,-0.163960296618592
1.201975668444797,-1.0896862184584215,1.2521809546474805,-0.07883257940615862,1.0321478440291991,-0.2835655367583395,-0.07454858450978026
1.2864094364943617,-1.1974331545844346,1.2202223507582777,-0.032211950526605804,1.1837539626439024,-0.20399053868129005,-0.022455646241754577
1.2692164559675851,-1.0375874038339992,1.2698805942862952,-0.1140232011243142,1.1910506011559185,-0.06240113529498759,-0.1683709119530694
0.89240287568493,-1.5600484158161265,1.1916750057835326,-0.027251272153851556,0.7304707739692466,-0.1299381045516056,-0.25411446641610713
0.9085745700981823,-1.5455334906306342,1.2098115281868227,-0.033724745374991136,0.7773593530382512,-0.13712849981861844,-0.2569245060789031
0.9399498349035545,-1.5350875656551903,1.2259402644445778,-0.03935487802203544,0.8307491716279958,-0.1332910358325208,-0.26507776066326777
1.044276014962963,-1.4491568543088065,1.2327985888008695,-0.0372491190198307,0.953796933610422,-0.15818055335540723,-0.1986636018900857
0.969071210697543,-1.4930219953727184,1.2015702221573885,-0.02791995682745894,0.837648649084991,-0.14475746621585608,-0.20288638229338582
0.8865922574055681,-1.56249918851886,1.2570110287811562,-0.054387906083330106,0.8429571131410548,-0.12621042837342608,-0.3063846259454464
1.0905303089401754,-1.4067933531162522,1.2526758090898815,-0.04300299553674325,1.0388733149865363,-0.17328429024441738,-0.17827272604841457
1.0694945943776981,-1.4250857041814127,1.2530032544587368,-0.04418731676048424,1.017023218623706,-0.16705826846307484,-0.193928709864088
0.1935569980308112,-1.9596345767788115,0.8527616635497076,0.07431926931609391,-0.3546088610352713,0.06891396870302416,-0.22331984311542066
0.43198970723179836,-1.6781256280773909,0.9988251218134994,0.007611415159060321,0.13737920976258833,0.0249113826180429,-0.17787452673143297
0.5776350263063595,-1.6258218182370832,1.1201079867501587,-0.016850814317942477,0.5056080827887204,-0.047218941803505554,-0.16699221168625555
0.46361692985695707,-1.6703359385503742,1.2008586006418203,-0.07006730137240345,0.5040323174769399,0.0037359611237107026,-0.33111586220118333
0.34881255786323295,-1.841577723231388,0.8237964078796904,0.07089766009968598,-0.3602077649955835,0.08361058523105871,-0.2328773080331872
0.7086573744082635,-1.5164613700018257,1.2053231720241437,-0.05133643512358794,0.6885335983514234,-0.12499303064060648,-0.20078822283496492
0.694423922012345,-1.4865279961947433,1.1986286482841462,-0.0616958292974344,0.6500547225604731,-0.0997578276463287,-0.2166891728629679
0.6286696826567998,-1.5981668912983065,1.1177908991120848,-0.02557092678661373,0.4209597374008463,-0.07791264808807336,-0.232033824464062
1.3440539338576267,0.18392745349179657,0.700997992938523,-0.2627049086591919,-1.699718407655731,-0.3514400081782511,-0.7261870154644917
1.4126979979299437,0.11012412466954492,0.5997102693660644,-0.2038537739265735,-1.7240486539037752,-0.25695534270182163,-0.6513558417055921
1.4211382587012389,0.39791969560442453,0.7409634937838152,-0.32608155395474675,-1.5162755677262794,-0.19525708412084114,-0.7575499519403739
1.280399603594152,0.2843035794973227,0.8012646590581067,-0.3458847512564379,-1.5898694534415205,-0.2553878244527214,-0.8588328385153255
1.7585598537465366,0.1591631801852277,0.7049668002961106,-0.18113700803899013,-1.1452036300804769,-0.3736893105870872,-0.5171674451104809
1.8412574156242272,0.20612666573030108,0.6744817207815595,-0.17916601655301073,-1.069011281377492,-0.251442436284847,-0.5112675396527114
2.329437384423676,0.09677434451637511,0.996580005820144,-0.1901741816508235,0.23701220372337523,-0.24236154674540283,-0.4985828272225954
2.271726404663804,0.0926306049143934,1.0512658366231828,-0.19018204862784263,0.23422583043716597,-0.4511379451330228,-0.443934764917686
